0,0.196676,
100,0.028762,
200,0.029142,
300,0.029468,
400,0.028908,
500,0.028577,
600,0.027257,
700,0.031441,
800,0.028063,
900,0.027785,
1000,0.030452,
1100,0.02698,
1200,0.027116,
1300,0.027021,
1400,0.026909,
1500,0.026974,
1600,0.02693,
1700,0.027075,
1800,0.027598,
1900,0.028441,
2000,0.026954,
2100,0.028532,
2200,0.02807,
2300,0.029999,
2400,0.028355,
2500,0.029635,
2600,0.027247,
2700,0.029444,
2800,0.027605,
2900,0.026751,
3000,0.026787,
3100,0.02678,
3200,0.026855,
3300,0.02677,
3400,0.026813,
3500,0.026711,
3600,0.026768,
3700,0.026737,
3800,0.02673,
3900,0.028182,
4000,0.027037,
4100,0.02693,
4200,0.026653,
4300,0.026682,
4400,0.026791,
4500,0.026464,
4600,0.027291,
4700,0.026566,
4800,0.026781,
4900,0.026779,
5000,0.028032,
5100,0.028769,
5200,0.02735,
5300,0.02748,
5400,0.028201,
5500,0.027838,
5600,0.028136,
5700,0.027233,
5800,0.026919,
5900,0.026561,
6000,0.026437,
6100,0.026411,
6200,0.026473,
6300,0.026641,
6400,0.026489,
6500,0.026508,
6600,0.026349,
6700,0.026277,
6800,0.026548,
6900,0.026459,
7000,0.026212,
7100,0.026405,
7200,0.026329,
7300,0.026347,
7400,0.026341,
7500,0.026364,
7600,0.026319,
7700,0.026288,
7800,0.026318,
7900,0.02632,
8000,0.026436,
8100,0.026223,
8200,0.026249,
8300,0.026187,
8400,0.026233,
8500,0.026298,
8600,0.026089,
8700,0.026737,
8800,0.026179,
8900,0.026364,
9000,0.026257,
9100,0.026016,
9200,0.026059,
9300,0.026094,
9400,0.026352,
9500,0.026163,
9600,0.026078,
9700,0.026463,
9800,0.026114,
9900,0.026181,
10000,0.026104,
10100,0.025992,
10200,0.025977,
10300,0.026116,
10400,0.02609,
10500,0.02607,
10600,0.025916,
10700,0.025974,
10800,0.025899,
10900,0.026199,
11000,0.025993,
11100,0.025778,
11200,0.025929,
11300,0.025915,
11400,0.025985,
11500,0.025916,
11600,0.025906,
11700,0.025901,
11800,0.025884,
11900,0.025979,
12000,0.025865,
12100,0.026046,
12200,0.025865,
12300,0.025892,
12400,0.025856,
12500,0.028124,
12600,0.027247,
12700,0.025758,
12800,0.025936,
12900,0.025741,
13000,0.025856,
13100,0.025865,
13200,0.02568,
13300,0.02571,
13400,0.025731,
13500,0.026105,
13600,0.025974,
13700,0.026271,
13800,0.027193,
13900,0.027351,
14000,0.025795,
14100,0.02567,
14200,0.025567,
14300,0.025716,
14400,0.025646,
14500,0.025713,
14600,0.025624,
14700,0.025435,
14800,0.02554,
14900,0.025473,
15000,0.025649,
15100,0.025581,
15200,0.025411,
15300,0.028112,
15400,0.026207,
15500,0.026575,
15600,0.026251,
15700,0.02905,
15800,0.027655,
15900,0.025993,
16000,0.026747,
16100,0.025434,
16200,0.025508,
16300,0.025413,
16400,0.027653,
16500,0.025583,
16600,0.025401,
16700,0.025712,
16800,0.025362,
16900,0.025563,
17000,0.025362,
17100,0.025356,
17200,0.025448,
17300,0.02536,
17400,0.026098,
17500,0.025275,
17600,0.025439,
17700,0.025381,
17800,0.025254,
17900,0.025326,
18000,0.025253,
18100,0.025297,
18200,0.025264,
18300,0.025186,
18400,0.025274,
18500,0.0252,
18600,0.025285,
18700,0.025208,
18800,0.02511,
18900,0.025136,
19000,0.02522,
19100,0.025309,
19200,0.025188,
19300,0.025205,
19400,0.025127,
19500,0.025007,
19600,0.025473,
19700,0.025384,
19800,0.025124,
19900,0.025126,0.027318515
20000,0.025043,0.02646035
20100,0.025039,0.026441735
20200,0.025417,0.02642311
20300,0.026182,0.02640668
20400,0.025208,0.02638818
20500,0.024959,0.02637009
20600,0.025014,0.026358875
20700,0.024936,0.02632635
20800,0.02507,0.026311385
20900,0.024897,0.026296945
21000,0.024872,0.026269045
21100,0.024879,0.02625854
21200,0.024967,0.026247795
21300,0.024969,0.026237535
21400,0.024982,0.0262279
21500,0.027429,0.026230175
21600,0.025579,0.02622342
21700,0.025204,0.026214065
21800,0.026537,0.02620876
21900,0.025302,0.026193065
22000,0.024853,0.02618256
22100,0.026555,0.026172675
22200,0.02539,0.026159275
22300,0.025494,0.02613675
22400,0.025313,0.02612154
22500,0.02496,0.026098165
22600,0.025468,0.02608927
22700,0.025095,0.026067525
22800,0.024739,0.026053195
22900,0.024637,0.026042625
23000,0.024662,0.026032
23100,0.024768,0.02602194
23200,0.024723,0.02601128
23300,0.024699,0.026000925
23400,0.024632,0.02599002
23500,0.024636,0.025979645
23600,0.026194,0.025976775
23700,0.029163,0.025988905
23800,0.027358,0.025992045
23900,0.024519,0.02597373
24000,0.024588,0.025961485
24100,0.024546,0.025949565
24200,0.024956,0.02594108
24300,0.026746,0.0259414
24400,0.028652,0.025950705
24500,0.028482,0.025960795
24600,0.024783,0.025948255
24700,0.024834,0.025939595
24800,0.024846,0.02592992
24900,0.024993,0.02592099
25000,0.024837,0.025905015
25100,0.024872,0.02588553
25200,0.030159,0.025899575
25300,0.031416,0.025919255
25400,0.028082,0.02591866
25500,0.027812,0.02591853
25600,0.027513,0.025915415
25700,0.026852,0.02591351
25800,0.027635,0.02591709
25900,0.027461,0.02592159
26000,0.027171,0.02592526
26100,0.027433,0.02593037
26200,0.027179,0.0259339
26300,0.026016,0.025930775
26400,0.025763,0.025927145
26500,0.025265,0.02592093
26600,0.024952,0.025913945
26700,0.024593,0.025905525
26800,0.024694,0.025896255
26900,0.024577,0.025886845
27000,0.024538,0.025878475
27100,0.024581,0.025869355
27200,0.024622,0.02586082
27300,0.024573,0.02585195
27400,0.024549,0.02584299
27500,0.024531,0.025833825
27600,0.025513,0.025829795
27700,0.026593,0.02583132
27800,0.026839,0.025833925
27900,0.025106,0.025827855
28000,0.024346,0.025817405
28100,0.024519,0.025808885
28200,0.02447,0.02579999
28300,0.024459,0.02579135
28400,0.024408,0.025782225
28500,0.02437,0.025772585
28600,0.024435,0.025764315
28700,0.024408,0.02575267
28800,0.024764,0.025745595
28900,0.025084,0.025739195
29000,0.024476,0.02573029
29100,0.0245,0.02572271
29200,0.025345,0.02571914
29300,0.024562,0.02571148
29400,0.025123,0.025705335
29500,0.025153,0.025700285
29600,0.024336,0.025691575
29700,0.024378,0.02568115
29800,0.024276,0.02567196
29900,0.024273,0.02566242
30000,0.024364,0.02565372
30100,0.024231,0.025644915
30200,0.025875,0.025644405
30300,0.026645,0.02564705
30400,0.024462,0.02563891
30500,0.024293,0.025630025
30600,0.024193,0.02562141
30700,0.024234,0.02561271
30800,0.024191,0.02560417
30900,0.024192,0.025594135
31000,0.024188,0.02558511
31100,0.024082,0.02557663
31200,0.024285,0.02556841
31300,0.024099,0.02555933
31400,0.02413,0.025550055
31500,0.024105,0.025541
31600,0.02418,0.02553237
31700,0.024585,0.02552579
31800,0.026491,0.025528825
31900,0.024974,0.0255238
32000,0.025688,0.025522915
32100,0.024162,0.025513495
32200,0.024034,0.02550434
32300,0.023924,0.0254945
32400,0.024091,0.025485675
32500,0.023947,0.02546479
32600,0.023867,0.02544789
32700,0.024003,0.025439115
32800,0.023928,0.025429075
32900,0.023896,0.02541985
33000,0.02399,0.02541052
33100,0.024706,0.025404725
33200,0.024729,0.02539997
33300,0.024175,0.025392295
33400,0.024287,0.025385075
33500,0.024722,0.02537816
33600,0.024016,0.02536837
33700,0.023875,0.02535639
33800,0.023822,0.025339535
33900,0.02384,0.02532198
34000,0.023833,0.02531217
34100,0.023842,0.02530303
34200,0.023754,0.025293965
34300,0.024123,0.025286
34400,0.023766,0.0252766
34500,0.023846,0.025267265
34600,0.023778,0.025258035
34700,0.02363,0.02524901
34800,0.023596,0.02523929
34900,0.023658,0.025230215
35000,0.023851,0.025221225
35100,0.023694,0.02521179
35200,0.023633,0.0252029
35300,0.023675,0.025180715
35400,0.023659,0.025167975
35500,0.023661,0.025153405
35600,0.023652,0.02514041
35700,0.023551,0.025112915
35800,0.023591,0.025092595
35900,0.023657,0.025080915
36000,0.023594,0.02506515
36100,0.023534,0.02505565
36200,0.023476,0.02504549
36300,0.023538,0.025036115
36400,0.023524,0.02501547
36500,0.023637,0.02500574
36600,0.023487,0.02499617
36700,0.023305,0.024984135
36800,0.023486,0.024974755
36900,0.023402,0.02496395
37000,0.02349,0.02495459
37100,0.023398,0.0249448
37200,0.023425,0.024934685
37300,0.023381,0.02492479
37400,0.023506,0.02491183
37500,0.023434,0.024902625
37600,0.023384,0.02489235
37700,0.023503,0.02488296
37800,0.023362,0.0248735
37900,0.023361,0.024863675
38000,0.023857,0.024856695
38100,0.023664,0.02484853
38200,0.023573,0.024840075
38300,0.023731,0.0248328
38400,0.0236,0.02482443
38500,0.024186,0.02481936
38600,0.023504,0.024810455
38700,0.023313,0.02480098
38800,0.023321,0.024792035
38900,0.024415,0.02478843
39000,0.023605,0.024780355
39100,0.023671,0.024772165
39200,0.023384,0.024763145
39300,0.023138,0.02475281
39400,0.02328,0.024743575
39500,0.024563,0.024741355
39600,0.023759,0.024732785
39700,0.023265,0.02472219
39800,0.023079,0.024711965
39900,0.023118,0.024701925
40000,0.023136,0.02469239
40100,0.02311,0.024682745
40200,0.023082,0.02467107
40300,0.022936,0.02465484
40400,0.023038,0.02464399
40500,0.022969,0.02463404
40600,0.023081,0.024624375
40700,0.023051,0.02461495
40800,0.02291,0.02460415
40900,0.023001,0.02459467
41000,0.02298,0.02458521
41100,0.023002,0.024575825
41200,0.022944,0.02456571
41300,0.022906,0.024555395
41400,0.022964,0.024545305
41500,0.022908,0.0245227
41600,0.023016,0.024509885
41700,0.0231,0.024499365
41800,0.022965,0.024481505
41900,0.022873,0.02446936
42000,0.02288,0.024459495
42100,0.022836,0.0244409
42200,0.02286,0.02442825
42300,0.022997,0.024415765
42400,0.0229,0.0244037
42500,0.022826,0.02439303
42600,0.022802,0.0243797
42700,0.022736,0.024367905
42800,0.022863,0.024358525
42900,0.022731,0.024348995
43000,0.023336,0.024342365
43100,0.022685,0.02433195
43200,0.022809,0.02432238
43300,0.022723,0.0243125
43400,0.022665,0.024302665
43500,0.022717,0.02429307
43600,0.023563,0.024279915
43700,0.022788,0.02424804
43800,0.022812,0.02422531
43900,0.02337,0.024219565
44000,0.023214,0.024212695
44100,0.022755,0.02420374
44200,0.023449,0.024196205
44300,0.024821,0.02418658
44400,0.023982,0.02416323
44500,0.023612,0.02413888
44600,0.022891,0.02412942
44700,0.022985,0.024120175
44800,0.023417,0.02411303
44900,0.022959,0.02410286
45000,0.022698,0.024092165
45100,0.023185,0.02408373
45200,0.022852,0.024047195
45300,0.023315,0.02400669
45400,0.022685,0.023979705
45500,0.022917,0.02395523
45600,0.02279,0.023931615
45700,0.022537,0.02391004
45800,0.023288,0.023888305
45900,0.022548,0.02386374
46000,0.023109,0.02384343
46100,0.022528,0.023818905
46200,0.023173,0.023798875
46300,0.022406,0.023780825
46400,0.022387,0.023763945
46500,0.022274,0.02374899
46600,0.022212,0.02373529
46700,0.022207,0.02372336
46800,0.022238,0.02371108
46900,0.022226,0.023699325
47000,0.022282,0.023688045
47100,0.022826,0.02367927
47200,0.022679,0.023669555
47300,0.022585,0.023659615
47400,0.022408,0.02364891
47500,0.022105,0.02363678
47600,0.022072,0.023619575
47700,0.02212,0.02359721
47800,0.022185,0.02357394
47900,0.022121,0.023559015
48000,0.02208,0.023547685
48100,0.022077,0.023535475
48200,0.022081,0.02352353
48300,0.022659,0.02351453
48400,0.022609,0.023505535
48500,0.022384,0.023495605
48600,0.022539,0.023486125
48700,0.022086,0.023474515
48800,0.021994,0.023460665
48900,0.021995,0.02344522
49000,0.021908,0.02343238
49100,0.021956,0.02341966
49200,0.021934,0.023402605
49300,0.022005,0.02338982
49400,0.021944,0.023373925
49500,0.021786,0.02335709
49600,0.021902,0.02334492
49700,0.022129,0.023333675
49800,0.022241,0.0233235
49900,0.022235,0.02331331
50000,0.022222,0.0233026
50100,0.021818,0.023290535
50200,0.021818,0.02327025
50300,0.021842,0.023246235
50400,0.021795,0.0232329
50500,0.022179,0.02322233
50600,0.021838,0.023210555
50700,0.02175,0.023198135
50800,0.021744,0.0231859
50900,0.021725,0.023173565
51000,0.021821,0.02316173
51100,0.021696,0.0231498
51200,0.022142,0.023139085
51300,0.022022,0.0231287
51400,0.021896,0.02311753
51500,0.022156,0.023107785
51600,0.021888,0.023096325
51700,0.02164,0.0230816
51800,0.021606,0.023057175
51900,0.021666,0.023040635
52000,0.021612,0.023020255
52100,0.021538,0.023007135
52200,0.021576,0.022994845
52300,0.021539,0.02298292
52400,0.021581,0.02297037
52500,0.021992,0.022960595
52600,0.022655,0.022954535
52700,0.022566,0.02294735
52800,0.022275,0.022939085
52900,0.021679,0.022928
53000,0.021513,0.022915615
53100,0.021402,0.022899095
53200,0.021471,0.022882805
53300,0.021435,0.022869105
53400,0.02146,0.02285497
53500,0.021448,0.0228386
53600,0.021367,0.022825355
53700,0.021444,0.0228132
53800,0.021437,0.022801275
53900,0.021609,0.02279012
54000,0.021568,0.022778795
54100,0.021847,0.02276882
54200,0.021641,0.022758255
54300,0.021659,0.022745935
54400,0.02133,0.022733755
54500,0.021303,0.02272104
54600,0.021334,0.02270882
54700,0.021308,0.02269721
54800,0.021301,0.022685735
54900,0.021271,0.0226738
55000,0.02126,0.022660845
55100,0.021353,0.02264914
55200,0.021298,0.022637465
55300,0.021243,0.022625305
55400,0.02124,0.02261321
55500,0.021409,0.02260195
55600,0.021681,0.022592095
55700,0.021347,0.022581075
55800,0.021897,0.022572605
55900,0.02125,0.02256057
56000,0.021254,0.02254887
56100,0.021197,0.022537185
56200,0.021163,0.02252562
56300,0.021181,0.022513835
56400,0.021115,0.02250179
56500,0.02108,0.022489005
56600,0.02108,0.02247697
56700,0.021117,0.02246603
56800,0.021471,0.022455955
56900,0.021082,0.022444355
57000,0.021078,0.022432295
57100,0.02102,0.022420405
57200,0.020992,0.02240824
57300,0.020993,0.0223963
57400,0.021031,0.022383925
57500,0.021095,0.02237223
57600,0.021008,0.02236035
57700,0.021025,0.02234796
57800,0.020977,0.022336035
57900,0.020932,0.02232389
58000,0.021002,0.022309615
58100,0.020928,0.022295935
58200,0.020884,0.02228249
58300,0.020932,0.022268495
58400,0.02093,0.022255145
58500,0.020922,0.022238825
58600,0.02092,0.022225905
58700,0.02094,0.02221404
58800,0.020915,0.02220201
58900,0.02089,0.022184385
59000,0.020886,0.02217079
59100,0.020819,0.02215653
59200,0.02088,0.02214401
59300,0.020816,0.0221324
59400,0.020781,0.022119905
59500,0.020778,0.02210098
59600,0.020794,0.022086155
59700,0.020767,0.022073665
59800,0.020935,0.022062945
59900,0.020939,0.02205205
60000,0.020763,0.022040185
60100,0.020764,0.022028455
60200,0.020747,0.02201678
60300,0.020692,0.02200556
60400,0.020687,0.021993805
60500,0.020716,0.02198254
60600,0.020753,0.0219709
60700,0.020678,0.021959035
60800,0.020667,0.02194782
60900,0.020657,0.0219361
61000,0.020685,0.021924625
61100,0.020662,0.021912925
61200,0.020646,0.021901435
61300,0.020589,0.02188985
61400,0.0206,0.02187803
61500,0.020623,0.021866605
61600,0.020595,0.0218545
61700,0.020567,0.021841835
61800,0.020561,0.021829815
61900,0.020558,0.02181824
62000,0.020551,0.021806595
62100,0.020605,0.02179544
62200,0.020528,0.02178378
62300,0.020476,0.021771175
62400,0.02054,0.021759375
62500,0.020492,0.021747705
62600,0.020513,0.02173626
62700,0.020455,0.021724855
62800,0.020464,0.02171286
62900,0.020475,0.02170158
63000,0.020449,0.021687145
63100,0.020463,0.021676035
63200,0.020436,0.02166417
63300,0.020448,0.021652795
63400,0.020411,0.021641525
63500,0.020423,0.021630055
63600,0.020392,0.0216142
63700,0.020357,0.021602045
63800,0.020396,0.021589965
63900,0.020344,0.021574835
64000,0.020361,0.02156057
64100,0.020316,0.021548375
64200,0.020324,0.02153275
64300,0.020292,0.021510105
64400,0.020264,0.021491515
64500,0.020242,0.021474665
64600,0.020288,0.02146165
64700,0.020318,0.021448315
64800,0.020306,0.02143276
64900,0.020227,0.0214191
65000,0.020207,0.021406645
65100,0.0202,0.02139172
65200,0.020263,0.021378775
65300,0.021355,0.021368975
65400,0.021369,0.021362395
65500,0.020383,0.021349725
65600,0.02022,0.021336875
65700,0.020172,0.02132505
65800,0.020176,0.02130949
65900,0.020101,0.021297255
66000,0.020201,0.021282715
66100,0.020111,0.02127063
66200,0.020163,0.02125558
66300,0.020108,0.02124409
66400,0.020055,0.02123243
66500,0.020099,0.021221555
66600,0.020091,0.02121095
66700,0.020105,0.02120044
66800,0.02015,0.02119
66900,0.020197,0.021179855
67000,0.020096,0.021168925
67100,0.020036,0.021154975
67200,0.020069,0.021141925
67300,0.020033,0.021129165
67400,0.020031,0.02111728
67500,0.020011,0.02110681
67600,0.020077,0.021096835
67700,0.020188,0.021087175
67800,0.020717,0.021079835
67900,0.020276,0.02107061
68000,0.020106,0.02106074
68100,0.019993,0.02105032
68200,0.020212,0.021040975
68300,0.02013,0.02102833
68400,0.020736,0.021018965
68500,0.020784,0.021010965
68600,0.020566,0.0210011
68700,0.020262,0.02099198
68800,0.019918,0.0209816
68900,0.019948,0.020971365
69000,0.020095,0.0209623
69100,0.020194,0.02095349
69200,0.019985,0.020943745
69300,0.019831,0.020932875
69400,0.019843,0.02092237
69500,0.019795,0.020912415
69600,0.019989,0.02090285
69700,0.019904,0.020891725
69800,0.019817,0.020879605
69900,0.019783,0.020867345
70000,0.019966,0.020856065
70100,0.019907,0.02084651
70200,0.019801,0.020836425
70300,0.019793,0.02082618
70400,0.019856,0.020816485
70500,0.019844,0.02080481
70600,0.019873,0.020794985
70700,0.019848,0.020785475
70800,0.019807,0.02077579
70900,0.019686,0.020765595
71000,0.019666,0.02075482
71100,0.019671,0.020744695
71200,0.019651,0.02073224
71300,0.019647,0.020720365
71400,0.019643,0.0207091
71500,0.019623,0.020696435
71600,0.019636,0.020685175
71700,0.019629,0.02067512
71800,0.01965,0.02066534
71900,0.019587,0.020654945
72000,0.019625,0.02064501
72100,0.019582,0.02063523
72200,0.019549,0.020625095
72300,0.01957,0.02061525
72400,0.019559,0.02060514
72500,0.019531,0.020592835
72600,0.019548,0.0205773
72700,0.019581,0.020562375
72800,0.019517,0.020548585
72900,0.019511,0.020537745
73000,0.019515,0.020527755
73100,0.01947,0.020518095
73200,0.019456,0.02050802
73300,0.019471,0.0204982
73400,0.019482,0.02048831
73500,0.019465,0.020478395
73600,0.019434,0.02046873
73700,0.019412,0.02045857
73800,0.019415,0.02044846
73900,0.019402,0.020437425
74000,0.019404,0.020426605
74100,0.019358,0.02041416
74200,0.019397,0.02040294
74300,0.019409,0.02039169
74400,0.019371,0.020381895
74500,0.019356,0.02037216
74600,0.019337,0.020362175
74700,0.019357,0.02035242
74800,0.019379,0.02034281
74900,0.019379,0.02033335
75000,0.019315,0.020323625
75100,0.019244,0.02031308
75200,0.019439,0.020303785
75300,0.019411,0.020294625
75400,0.019335,0.0202851
75500,0.019239,0.02027425
75600,0.019257,0.02026213
75700,0.019324,0.020252015
75800,0.019516,0.02024011
75900,0.019337,0.020230545
76000,0.01939,0.020221225
76100,0.01943,0.02021239
76200,0.019421,0.02020368
76300,0.019347,0.02019451
76400,0.019314,0.020185505
76500,0.019503,0.02017762
76600,0.019313,0.020168785
76700,0.019525,0.020160825
76800,0.019304,0.02014999
76900,0.019282,0.02014099
77000,0.0194,0.0201326
77100,0.019295,0.020123975
77200,0.019264,0.020115335
77300,0.019444,0.02010759
77400,0.019332,0.020099095
77500,0.019307,0.020090155
77600,0.019321,0.02008172
77700,0.019238,0.020072785
77800,0.019241,0.020064105
77900,0.019254,0.020055715
78000,0.019162,0.020046515
78100,0.019311,0.02003843
78200,0.01926,0.02003031
78300,0.019123,0.020021265
78400,0.019108,0.020012155
78500,0.019345,0.02000427
78600,0.019177,0.019995555
78700,0.018956,0.019985635
78800,0.018988,0.019976
78900,0.01896,0.01996635
79000,0.018986,0.01995685
79100,0.018947,0.01994749
79200,0.018927,0.019937725
79300,0.018942,0.019928355
79400,0.018941,0.019919155
79500,0.018938,0.019909955
79600,0.01892,0.019900585
79700,0.018879,0.019891145
79800,0.018948,0.01988121
79900,0.019349,0.01987326
80000,0.019075,0.01986482
80100,0.018936,0.01985568
80200,0.019176,0.019847825
80300,0.018918,0.019838955
80400,0.018887,0.019829955
80500,0.018851,0.01982063
80600,0.018843,0.01981108
80700,0.018853,0.019801955
80800,0.018821,0.019792725
80900,0.018826,0.01978357
81000,0.018814,0.019774215
81100,0.01877,0.019764755
81200,0.018784,0.019755445
81300,0.018787,0.019746435
81400,0.019265,0.01973976
81500,0.01897,0.019731495
81600,0.018916,0.0197231
81700,0.018934,0.019714935
81800,0.018864,0.01970645
81900,0.01875,0.01969741
82000,0.018711,0.01968821
82100,0.018691,0.01967864
82200,0.018691,0.019669455
82300,0.018661,0.01966038
82400,0.018687,0.019651115
82500,0.018669,0.019642
82600,0.018661,0.01963274
82700,0.018655,0.01962374
82800,0.01863,0.01961457
82900,0.018615,0.01960527
83000,0.018636,0.019596205
83100,0.018646,0.01958712
83200,0.018607,0.019577975
83300,0.01863,0.019568885
83400,0.018605,0.019559855
83500,0.018574,0.01955061
83600,0.018613,0.019541715
83700,0.018559,0.019532725
83800,0.018516,0.019523325
83900,0.018566,0.019514435
84000,0.018572,0.01950549
84100,0.018531,0.019496565
84200,0.018529,0.01948759
84300,0.018521,0.019478735
84400,0.018528,0.019470055
84500,0.018527,0.01946148
84600,0.018519,0.019452635
84700,0.018483,0.01944346
84800,0.018516,0.01943451
84900,0.018473,0.01942574
85000,0.018475,0.01941708
85100,0.018456,0.01940836
85200,0.018482,0.019399455
85300,0.018455,0.019384955
85400,0.018463,0.019370425
85500,0.018483,0.019360925
85600,0.018429,0.01935197
85700,0.018423,0.019343225
85800,0.018426,0.019334475
85900,0.018391,0.019325925
86000,0.018435,0.019317095
86100,0.018385,0.019308465
86200,0.018434,0.01929982
86300,0.018366,0.01929111
86400,0.018363,0.01928265
86500,0.018342,0.019273865
86600,0.018367,0.019265245
86700,0.018366,0.01925655
86800,0.018337,0.019247485
86900,0.018304,0.01923802
87000,0.018321,0.019229145
87100,0.018326,0.019220595
87200,0.018307,0.019211785
87300,0.018296,0.0192031
87400,0.018276,0.019194325
87500,0.018279,0.019185665
87600,0.01828,0.01917668
87700,0.018307,0.019167275
87800,0.018273,0.019155055
87900,0.018202,0.019144685
88000,0.018262,0.019135465
88100,0.018278,0.01912689
88200,0.018268,0.01911717
88300,0.018219,0.019107615
88400,0.018228,0.019095075
88500,0.018223,0.01908227
88600,0.018202,0.01907045
88700,0.018215,0.019060215
88800,0.018202,0.019051635
88900,0.018199,0.01904289
89000,0.018195,0.01903339
89100,0.018191,0.019023375
89200,0.018163,0.019014265
89300,0.018131,0.019005765
89400,0.018176,0.01899743
89500,0.018097,0.01898894
89600,0.01811,0.018979545
89700,0.01809,0.018970475
89800,0.018094,0.01896186
89900,0.018067,0.01895328
90000,0.018065,0.018943775
90100,0.018045,0.018934465
90200,0.018062,0.01892577
90300,0.018051,0.01891706
90400,0.018029,0.018907925
90500,0.017998,0.018898695
90600,0.01801,0.01888938
90700,0.018133,0.018880805
90800,0.018051,0.018872025
90900,0.017972,0.018863455
91000,0.017992,0.018855085
91100,0.017964,0.01884655
91200,0.01795,0.018838045
91300,0.017937,0.018829495
91400,0.017955,0.018821055
91500,0.017892,0.0188124
91600,0.017921,0.018803825
91700,0.017911,0.018795235
91800,0.017917,0.01878657
91900,0.01789,0.018778085
92000,0.017871,0.018769315
92100,0.017887,0.01876084
92200,0.017936,0.018752775
92300,0.01798,0.018744825
92400,0.017879,0.018736425
92500,0.017888,0.01872821
92600,0.018277,0.018721855
92700,0.017963,0.018713765
92800,0.017875,0.018705555
92900,0.018368,0.01869984
93000,0.018202,0.018693275
93100,0.017893,0.01868539
93200,0.018013,0.018678175
93300,0.017918,0.01867041
93400,0.01801,0.01866305
93500,0.018001,0.01865573
93600,0.017877,0.018647945
93700,0.018008,0.018640925
93800,0.017945,0.018633575
93900,0.017763,0.01862538
94000,0.018071,0.018618715
94100,0.018059,0.01861222
94200,0.019127,0.01861087
94300,0.018511,0.01860638
94400,0.018407,0.01860156
94500,0.01804,0.01859498
94600,0.017982,0.018588205
94700,0.017792,0.01858038
94800,0.017755,0.01857226
94900,0.01799,0.018565315
95000,0.017904,0.01855826
95100,0.017826,0.01855117
95200,0.017931,0.01854363
95300,0.0178,0.018535575
95400,0.017829,0.018528045
95500,0.017675,0.018520225
95600,0.017652,0.0185122
95700,0.01786,0.01850488
95800,0.017922,0.01849691
95900,0.017658,0.018488515
96000,0.017577,0.01847945
96100,0.017591,0.018470255
96200,0.017568,0.01846099
96300,0.017559,0.01845205
96400,0.017609,0.018443525
96500,0.017535,0.018433685
96600,0.017491,0.018424575
96700,0.017509,0.018414495
96800,0.017525,0.0184056
96900,0.017512,0.01839675
97000,0.017513,0.018387315
97100,0.017486,0.01837827
97200,0.017502,0.01836946
97300,0.017469,0.018359585
97400,0.017498,0.018350415
97500,0.017444,0.0183411
97600,0.017482,0.018331905
97700,0.017454,0.018322985
97800,0.017469,0.018314125
97900,0.017434,0.018305025
98000,0.017439,0.01829641
98100,0.017414,0.018286925
98200,0.017439,0.01827782
98300,0.017458,0.018269495
98400,0.017411,0.01826101
98500,0.017382,0.018251195
98600,0.017384,0.01824223
98700,0.01736,0.01823425
98800,0.017558,0.0182271
98900,0.01753,0.01821995
99000,0.017417,0.018212105
99100,0.017348,0.01820411
99200,0.01735,0.018196225
99300,0.017337,0.0181882
99400,0.01735,0.018180245
99500,0.017309,0.0181721
99600,0.017324,0.01816412
99700,0.017284,0.018156145
99800,0.017307,0.01814794
99900,0.017309,0.01813774
100000,0.017299,0.01812886
100100,0.017269,0.018120525
100200,0.017256,0.018110925
100300,0.017263,0.01810265
100400,0.017266,0.018094545
100500,0.017281,0.018086695
100600,0.017244,0.0180787
100700,0.017203,0.01807045
100800,0.017295,0.01806282
100900,0.01728,0.01805509
101000,0.017256,0.0180473
101100,0.017185,0.018039375
101200,0.017501,0.01803296
101300,0.017359,0.01802582
101400,0.017227,0.01801563
101500,0.017483,0.018008195
101600,0.017257,0.0179999
101700,0.017188,0.01799117
101800,0.017267,0.017983185
101900,0.017371,0.01797629
102000,0.017252,0.017968995
102100,0.017197,0.017961525
102200,0.017504,0.01795559
102300,0.017217,0.01794837
102400,0.017352,0.017941695
102500,0.017206,0.01793438
102600,0.017433,0.01792824
102700,0.017169,0.01792081
102800,0.017153,0.017913425
102900,0.017196,0.01790633
103000,0.017475,0.017900525
103100,0.01715,0.017893045
103200,0.01744,0.01788721
103300,0.017133,0.017879725
103400,0.017041,0.017871905
103500,0.017028,0.017864175
103600,0.017058,0.0178564
103700,0.017001,0.01784861
103800,0.016999,0.017841025
103900,0.016989,0.01783314
104000,0.016996,0.01782526
104100,0.01696,0.017817405
104200,0.016975,0.017809635
104300,0.016918,0.01780162
104400,0.016943,0.017793695
104500,0.016926,0.01778569
104600,0.016945,0.01777782
104700,0.016992,0.017770365
104800,0.017076,0.017763165
104900,0.01698,0.0177557
105000,0.017046,0.017748555
105100,0.01702,0.017741375
105200,0.016911,0.01773352
105300,0.01685,0.017725495
105400,0.016863,0.017717495
105500,0.016846,0.01770931
105600,0.016856,0.017701445
105700,0.016832,0.01769349
105800,0.016844,0.01768558
105900,0.016821,0.01767773
106000,0.016845,0.01766978
106100,0.016808,0.017661895
106200,0.01679,0.017653675
106300,0.016772,0.017645705
106400,0.016785,0.017637815
106500,0.016859,0.0176304
106600,0.016952,0.017623325
106700,0.017108,0.017617035
106800,0.016834,0.01760952
106900,0.016939,0.017602695
107000,0.017307,0.017597625
107100,0.016743,0.01758971
107200,0.016712,0.017581735
107300,0.016679,0.01757365
107400,0.016683,0.017565685
107500,0.016688,0.01755773
107600,0.016683,0.017549745
107700,0.016647,0.017541445
107800,0.016672,0.01753344
107900,0.01666,0.01752573
108000,0.016678,0.01751781
108100,0.016632,0.01750958
108200,0.016632,0.0175014
108300,0.016611,0.01749336
108400,0.016666,0.01748555
108500,0.016786,0.017478365
108600,0.016714,0.017470925
108700,0.016698,0.01746334
108800,0.016711,0.017455885
108900,0.01663,0.01744804
109000,0.016574,0.017439935
109100,0.016547,0.017431715
109200,0.016576,0.01742378
109300,0.01653,0.017415775
109400,0.016496,0.017407375
109500,0.016528,0.01739953
109600,0.016512,0.01739154
109700,0.016481,0.017383495
109800,0.016502,0.017375535
109900,0.016474,0.01736757
110000,0.016479,0.01735964
110100,0.016476,0.017351795
110200,0.016486,0.017343915
110300,0.016442,0.01733587
110400,0.01646,0.017328025
110500,0.016422,0.017320145
110600,0.016431,0.01731225
110700,0.016405,0.01730361
110800,0.016394,0.017295325
110900,0.016389,0.01728741
111000,0.016409,0.017279495
111100,0.016386,0.017271605
111200,0.01635,0.017263605
111300,0.016339,0.017255615
111400,0.016345,0.017247565
111500,0.016313,0.01723967
111600,0.016355,0.01723184
111700,0.016303,0.0172238
111800,0.016299,0.01721571
111900,0.016289,0.017207705
112000,0.016284,0.01719977
112100,0.016246,0.017191565
112200,0.016269,0.01718323
112300,0.016252,0.01717459
112400,0.016259,0.01716649
112500,0.016215,0.017158125
112600,0.016254,0.01714801
112700,0.016234,0.017139365
112800,0.016211,0.017131045
112900,0.016191,0.01712016
113000,0.016197,0.017110135
113100,0.016177,0.017101555
113200,0.016164,0.01709231
113300,0.016167,0.017083555
113400,0.016148,0.017074245
113500,0.01611,0.01706479
113600,0.016134,0.017056075
113700,0.016117,0.01704662
113800,0.016124,0.017037515
113900,0.016091,0.017029155
114000,0.016222,0.01701991
114100,0.016112,0.017010175
114200,0.016088,0.01699498
114300,0.01609,0.016982875
114400,0.016071,0.016971195
114500,0.016056,0.016961275
114600,0.016032,0.016951525
114700,0.016042,0.016942775
114800,0.016038,0.01693419
114900,0.016018,0.01692433
115000,0.016033,0.016914975
115100,0.016,0.016905845
115200,0.01603,0.01689634
115300,0.01599,0.01688729
115400,0.015995,0.01687812
115500,0.015975,0.01686962
115600,0.015978,0.01686125
115700,0.015978,0.01685184
115800,0.015958,0.01684202
115900,0.015937,0.016833415
116000,0.015941,0.016825235
116100,0.01593,0.01681693
116200,0.015933,0.016808755
116300,0.015921,0.016800565
116400,0.015917,0.016792105
116500,0.015895,0.016783905
116600,0.015895,0.016775925
116700,0.01589,0.01676783
116800,0.015887,0.01675964
116900,0.015862,0.01675139
117000,0.015865,0.01674315
117100,0.015832,0.01673488
117200,0.015862,0.01672668
117300,0.015839,0.01671853
117400,0.015842,0.01671025
117500,0.015828,0.01670217
117600,0.01581,0.01669381
117700,0.015836,0.01668572
117800,0.0158,0.016677375
117900,0.015797,0.01666919
118000,0.015785,0.01666092
118100,0.015761,0.016652655
118200,0.015778,0.01664435
118300,0.015753,0.016635825
118400,0.015764,0.01662759
118500,0.015744,0.0166194
118600,0.015744,0.0166112
118700,0.01573,0.01660305
118800,0.015759,0.016594055
118900,0.015714,0.016584975
119000,0.015713,0.016576455
119100,0.015719,0.01656831
119200,0.015705,0.016560085
119300,0.015707,0.016551935
119400,0.015693,0.01654365
119500,0.015693,0.01653557
119600,0.015693,0.016527415
119700,0.015646,0.016519225
119800,0.015984,0.01651261
119900,0.015634,0.016504235
120000,0.015634,0.01649591
120100,0.015705,0.01648809
120200,0.015797,0.016480795
120300,0.01569,0.01647293
120400,0.0157,0.0164651
120500,0.015732,0.016457355
120600,0.0157,0.016449635
120700,0.015641,0.016441825
120800,0.015684,0.01643377
120900,0.015589,0.016425315
121000,0.015569,0.01641688
121100,0.015555,0.01640873
121200,0.015552,0.016398985
121300,0.015523,0.016389805
121400,0.015556,0.01638145
121500,0.015555,0.01637181
121600,0.015537,0.01636321
121700,0.015544,0.01635499
121800,0.015513,0.01634622
121900,0.015501,0.01633687
122000,0.015533,0.016328275
122100,0.015473,0.016319655
122200,0.015456,0.016309415
122300,0.015447,0.016300565
122400,0.015467,0.01629114
122500,0.015455,0.016282385
122600,0.01543,0.01627237
122700,0.01542,0.016263625
122800,0.015429,0.016255005
122900,0.01541,0.016246075
123000,0.015412,0.01623576
123100,0.015388,0.01622695
123200,0.01539,0.0162167
123300,0.015371,0.01620789
123400,0.015368,0.016199525
123500,0.015365,0.01619121
123600,0.015376,0.0161828
123700,0.015359,0.01617459
123800,0.015361,0.0161664
123900,0.015371,0.01615831
124000,0.015328,0.01614997
124100,0.015323,0.016141785
124200,0.015314,0.01613348
124300,0.015306,0.01612542
124400,0.015381,0.01611761
124500,0.0153,0.01610948
124600,0.015282,0.016101165
124700,0.015265,0.01609253
124800,0.015261,0.016083455
124900,0.015241,0.01607476
125000,0.015248,0.01606577
125100,0.015236,0.01605685
125200,0.015252,0.016048555
125300,0.015242,0.016040515
125400,0.015233,0.016032365
125500,0.015222,0.016024245
125600,0.015201,0.01601597
125700,0.015234,0.01600798
125800,0.015324,0.01600038
125900,0.015211,0.01599233
126000,0.015392,0.015985065
126100,0.015235,0.0159772
126200,0.015227,0.015969385
126300,0.015184,0.015961445
126400,0.015275,0.015953895
126500,0.015196,0.01594558
126600,0.015175,0.015936695
126700,0.015172,0.015927015
126800,0.015446,0.015920075
126900,0.015187,0.015911315
127000,0.015146,0.01590051
127100,0.015196,0.015892775
127200,0.015173,0.01588508
127300,0.01518,0.015877585
127400,0.015206,0.0158702
127500,0.015079,0.015862155
127600,0.015093,0.015854205
127700,0.015135,0.015846645
127800,0.015104,0.015838805
127900,0.015139,0.0158312
128000,0.015194,0.01582378
128100,0.015085,0.015816045
128200,0.015095,0.01580836
128300,0.015065,0.01580063
128400,0.015222,0.01579341
128500,0.015118,0.01578507
128600,0.015076,0.01577688
128700,0.015198,0.01576938
128800,0.015037,0.01576101
128900,0.015002,0.01575287
129000,0.015145,0.015745725
129100,0.015058,0.01573828
129200,0.015,0.0157304
129300,0.015094,0.01572322
129400,0.015038,0.01571593
129500,0.015056,0.01570857
129600,0.014962,0.01570082
129700,0.015013,0.01569348
129800,0.014979,0.015685865
129900,0.015171,0.01567935
130000,0.014944,0.015671675
130100,0.014885,0.01566372
130200,0.014907,0.015655825
130300,0.014867,0.01564795
130400,0.014858,0.01563994
130500,0.014853,0.015632095
130600,0.014858,0.01562423
130700,0.014855,0.01561648
130800,0.014841,0.015608715
130900,0.01482,0.01560087
131000,0.014832,0.015592985
131100,0.014818,0.015585145
131200,0.014814,0.015577465
131300,0.014803,0.015569785
131400,0.014963,0.015562875
131500,0.014839,0.015555505
131600,0.014895,0.015548205
131700,0.014997,0.015541675
131800,0.014944,0.0155349
131900,0.014947,0.01552819
132000,0.014875,0.015521145
132100,0.014786,0.015513845
132200,0.014751,0.015506255
132300,0.014744,0.015498715
132400,0.014755,0.015491195
132500,0.014735,0.015483795
132600,0.015062,0.015477835
132700,0.014704,0.015470185
132800,0.014705,0.015462655
132900,0.014693,0.015455165
133000,0.014801,0.015448185
133100,0.014778,0.01544119
133200,0.014754,0.01543414
133300,0.014798,0.015427295
133400,0.014661,0.01541986
133500,0.014647,0.015412545
133600,0.014741,0.01540558
133700,0.014652,0.015398255
133800,0.014618,0.015390725
133900,0.014593,0.015383235
134000,0.014603,0.01537514
134100,0.014568,0.01536742
134200,0.014577,0.015359865
134300,0.014591,0.01535237
134400,0.01456,0.015344815
134500,0.014579,0.01533743
134600,0.014553,0.015330035
134700,0.014538,0.015322515
134800,0.01459,0.015315275
134900,0.014578,0.015308075
135000,0.014545,0.015300635
135100,0.014626,0.015293765
135200,0.014535,0.01528629
135300,0.014573,0.015279205
135400,0.014572,0.01527209
135500,0.014504,0.015264735
135600,0.014641,0.01525805
135700,0.014483,0.015250575
135800,0.014469,0.01524313
135900,0.01444,0.015235645
136000,0.014444,0.01522816
136100,0.014426,0.01522064
136200,0.014419,0.01521307
136300,0.014418,0.015205555
136400,0.014406,0.015198
136500,0.01439,0.015190475
136600,0.0144,0.015183
136700,0.014413,0.015175615
136800,0.014383,0.015168095
136900,0.014366,0.015160615
137000,0.014387,0.015153225
137100,0.014368,0.015145905
137200,0.014497,0.01513908
137300,0.014401,0.01513189
137400,0.014491,0.015125135
137500,0.014448,0.015118235
137600,0.014463,0.0151115
137700,0.014336,0.015104
137800,0.014307,0.015096535
137900,0.014287,0.015088985
138000,0.014289,0.015081505
138100,0.01427,0.01507405
138200,0.014277,0.015066545
138300,0.014268,0.01505912
138400,0.014265,0.015051625
138500,0.014244,0.015044125
138600,0.014252,0.015036665
138700,0.01423,0.015029165
138800,0.014262,0.01502168
138900,0.014237,0.015014295
139000,0.014222,0.01500684
139100,0.014179,0.01499914
139200,0.014299,0.01499211
139300,0.014314,0.014985145
139400,0.014198,0.01497767
139500,0.014178,0.014970095
139600,0.014323,0.014963245
139700,0.014241,0.01495622
139800,0.014269,0.014947645
139900,0.014227,0.01494061
140000,0.014164,0.01493326
140100,0.014137,0.01492542
140200,0.014134,0.014917105
140300,0.014129,0.0149093
140400,0.014181,0.014901705
140500,0.014122,0.014893655
140600,0.014105,0.01488568
140700,0.014086,0.014877905
140800,0.014087,0.01486992
140900,0.014077,0.01486236
141000,0.014075,0.01485489
141100,0.014058,0.014847405
141200,0.014215,0.01484072
141300,0.014156,0.014833885
141400,0.014118,0.014826695
141500,0.014123,0.014819535
141600,0.014173,0.014812715
141700,0.014094,0.014805465
141800,0.01403,0.01479805
141900,0.014,0.014790545
142000,0.013983,0.014782795
142100,0.013973,0.014775295
142200,0.013969,0.01476786
142300,0.013975,0.0147605
142400,0.013952,0.014752925
142500,0.013933,0.014745315
142600,0.013928,0.014737805
142700,0.013905,0.01473023
142800,0.013922,0.014722695
142900,0.013906,0.014715175
143000,0.013909,0.01470766
143100,0.01389,0.01470017
143200,0.013878,0.01469261
143300,0.013868,0.014685095
143400,0.013888,0.014677695
143500,0.013882,0.01467028
143600,0.013872,0.01466276
143700,0.01388,0.014655365
143800,0.01393,0.01464821
143900,0.013856,0.014640635
144000,0.013872,0.014633355
144100,0.013851,0.014625995
144200,0.013847,0.01461866
144300,0.013858,0.01461142
144400,0.013816,0.014603595
144500,0.013787,0.01459603
144600,0.013787,0.014588555
144700,0.013834,0.0145814
144800,0.013787,0.01457403
144900,0.013783,0.01456674
145000,0.013752,0.01455926
145100,0.01374,0.01455178
145200,0.013735,0.014544195
145300,0.013718,0.014536575
145400,0.014003,0.014530425
145500,0.013711,0.01452287
145600,0.013697,0.01451535
145700,0.013684,0.0145076
145800,0.0137,0.01449948
145900,0.013718,0.014492015
146000,0.013665,0.01448338
146100,0.013653,0.01447547
146200,0.013659,0.01446763
146300,0.01364,0.01445991
146400,0.01365,0.014451785
146500,0.013635,0.01444398
146600,0.01362,0.014436205
146700,0.01361,0.014428395
146800,0.013601,0.01441917
146900,0.013579,0.01441113
147000,0.013592,0.01440336
147100,0.013591,0.014395335
147200,0.013579,0.014387365
147300,0.013592,0.014379425
147400,0.013563,0.01437121
147500,0.013557,0.0143636
147600,0.013563,0.01435595
147700,0.013561,0.01434808
147800,0.013512,0.01434012
147900,0.01351,0.014331975
148000,0.013521,0.01432361
148100,0.013508,0.014315725
148200,0.013508,0.01430779
148300,0.013496,0.014299945
148400,0.013498,0.014291325
148500,0.013487,0.01428317
148600,0.01348,0.01427519
148700,0.013454,0.01426647
148800,0.013464,0.014258605
148900,0.013445,0.01425082
149000,0.013452,0.014242355
149100,0.013441,0.01423427
149200,0.013432,0.01422643
149300,0.013419,0.014218055
149400,0.013419,0.01420996
149500,0.013435,0.014201855
149600,0.01342,0.014194145
149700,0.013385,0.014186005
149800,0.013389,0.014178055
149900,0.013371,0.014169055
150000,0.013403,0.01416135
150100,0.01336,0.014153725
150200,0.013353,0.014145955
150300,0.013345,0.014138345
150400,0.013337,0.01413074
150500,0.013325,0.0141231
150600,0.013324,0.01411543
150700,0.013303,0.01410767
150800,0.0133,0.014099965
150900,0.013285,0.01409229
151000,0.013284,0.01408455
151100,0.01328,0.01407686
151200,0.013268,0.01406913
151300,0.013251,0.01406137
151400,0.013255,0.01405283
151500,0.013262,0.014044945
151600,0.013229,0.014036615
151700,0.013235,0.014027805
151800,0.013217,0.01401917
151900,0.01319,0.014010385
152000,0.013211,0.014002065
152100,0.013197,0.01399412
152200,0.013193,0.01398633
152300,0.013181,0.013978515
152400,0.013183,0.013970655
152500,0.013168,0.01396282
152600,0.013172,0.01395337
152700,0.013163,0.013945665
152800,0.013164,0.01393796
152900,0.013143,0.01393021
153000,0.013147,0.01392194
153100,0.013126,0.01391368
153200,0.013124,0.01390553
153300,0.013107,0.013897075
153400,0.013127,0.013889405
153500,0.013102,0.01388168
153600,0.013116,0.013873555
153700,0.013084,0.013865715
153800,0.013074,0.013857995
153900,0.013061,0.013850335
154000,0.013057,0.013842605
154100,0.01304,0.013834965
154200,0.013044,0.0138273
154300,0.013024,0.013819465
154400,0.013028,0.013811805
154500,0.013003,0.013803925
154600,0.013002,0.01379617
154700,0.012998,0.01378847
154800,0.012991,0.013780475
154900,0.012978,0.013772475
155000,0.012981,0.013764655
155100,0.013014,0.013756595
155200,0.012972,0.01374878
155300,0.012966,0.013740745
155400,0.012953,0.01373265
155500,0.012928,0.01372477
155600,0.012941,0.01371627
155700,0.012931,0.01370851
155800,0.012921,0.01370077
155900,0.0129,0.01369307
156000,0.012878,0.01368524
156100,0.012879,0.013677505
156200,0.012879,0.013669805
156300,0.012876,0.013662095
156400,0.012864,0.013654385
156500,0.012842,0.013646645
156600,0.012848,0.013638885
156700,0.012836,0.013631
156800,0.012832,0.013623245
156900,0.012807,0.01361545
157000,0.0128,0.013607515
157100,0.012792,0.013599635
157200,0.012827,0.013591285
157300,0.012831,0.013583435
157400,0.012784,0.0135749
157500,0.012777,0.013566545
157600,0.012767,0.013558065
157700,0.012777,0.01355027
157800,0.012748,0.013542475
157900,0.012748,0.01353478
158000,0.012738,0.013527025
158100,0.012728,0.013519315
158200,0.012983,0.013512845
158300,0.012711,0.01350506
158400,0.012704,0.013497255
158500,0.012697,0.01348952
158600,0.012706,0.01348179
158700,0.012691,0.013474095
158800,0.012681,0.01346619
158900,0.012664,0.013458325
159000,0.012665,0.01345054
159100,0.012668,0.013442985
159200,0.01267,0.01343484
159300,0.012644,0.01342649
159400,0.012639,0.013418695
159500,0.012628,0.013410945
159600,0.012616,0.01340241
159700,0.012597,0.01339419
159800,0.012605,0.01338587
159900,0.012615,0.01337781
160000,0.012598,0.01336998
160100,0.012595,0.01336227
160200,0.012583,0.013354515
160300,0.012571,0.013346725
160400,0.01257,0.01333867
160500,0.012547,0.013330795
160600,0.012529,0.013322915
160700,0.012556,0.013315265
160800,0.012562,0.01330764
160900,0.012536,0.013299935
161000,0.012519,0.013292155
161100,0.012555,0.01328464
161200,0.012582,0.013276475
161300,0.012505,0.01326822
161400,0.012488,0.01326007
161500,0.012517,0.01325204
161600,0.012567,0.01324401
161700,0.012463,0.013235855
161800,0.014509,0.01323825
161900,0.012457,0.013230535
162000,0.012423,0.013222735
162100,0.012408,0.01321491
162200,0.012406,0.013207095
162300,0.012406,0.01319925
162400,0.012387,0.013191425
162500,0.012376,0.01318364
162600,0.012378,0.01317589
162700,0.012532,0.013169025
162800,0.013469,0.01316676
162900,0.014815,0.013171305
163000,0.012375,0.013163635
163100,0.012351,0.01315594
163200,0.01235,0.0131483
163300,0.01244,0.01314116
163400,0.012482,0.01313413
163500,0.012336,0.0131264
163600,0.012379,0.013118935
163700,0.012383,0.01311145
163800,0.012295,0.013103275
163900,0.012291,0.01309545
164000,0.012297,0.013087575
164100,0.012313,0.013079885
164200,0.012282,0.01307206
164300,0.012257,0.013064055
164400,0.012364,0.013056795
164500,0.012285,0.013049285
164600,0.012231,0.013041505
164700,0.01221,0.013033385
164800,0.012224,0.01302557
164900,0.012211,0.01301771
165000,0.012201,0.013009955
165100,0.012189,0.0130022
165200,0.012189,0.01299447
165300,0.012173,0.012986745
165400,0.01219,0.01297768
165500,0.012196,0.012970105
165600,0.012232,0.01296278
165700,0.012293,0.012955825
165800,0.012169,0.01294817
165900,0.012166,0.01294041
166000,0.012138,0.012932775
166100,0.012133,0.012925175
166200,0.012122,0.01291749
166300,0.012111,0.012909845
166400,0.012111,0.01290215
166500,0.012104,0.012894495
166600,0.012096,0.012886875
166700,0.012085,0.01287925
166800,0.012075,0.01287162
166900,0.012078,0.012864115
167000,0.012064,0.012856475
167100,0.012059,0.012848815
167200,0.012054,0.01284119
167300,0.012064,0.01283355
167400,0.012085,0.01282616
167500,0.012038,0.012818565
167600,0.012023,0.012810865
167700,0.012015,0.012803135
167800,0.012011,0.01279563
167900,0.01207,0.01278843
168000,0.012024,0.012780945
168100,0.011992,0.012773365
168200,0.011985,0.01276575
168300,0.011963,0.012758085
168400,0.011965,0.01275042
168500,0.01196,0.012742785
168600,0.01195,0.012735135
168700,0.011939,0.01272756
168800,0.011935,0.012719915
168900,0.011922,0.0127123
169000,0.011922,0.01270465
169100,0.011916,0.012697025
169200,0.011909,0.01268941
169300,0.011891,0.01268177
169400,0.011913,0.01267424
169500,0.01196,0.012666865
169600,0.011906,0.012659295
169700,0.011884,0.01265179
169800,0.011874,0.012644215
169900,0.011854,0.01263663
170000,0.011851,0.01262887
170100,0.011844,0.01262129
170200,0.011843,0.01261374
170300,0.011825,0.01260614
170400,0.011837,0.01259864
170500,0.011846,0.012591245
170600,0.012367,0.01258646
170700,0.012001,0.01257995
170800,0.011792,0.01257241
170900,0.011778,0.012564875
171000,0.012017,0.01255854
171100,0.011771,0.012550995
171200,0.011813,0.01254372
171300,0.011754,0.012536235
171400,0.011713,0.012528525
171500,0.011703,0.01252073
171600,0.011691,0.01251304
171700,0.011672,0.012505225
171800,0.011665,0.012497465
171900,0.011656,0.012489795
172000,0.011643,0.012481955
172100,0.011646,0.0124742
172200,0.011633,0.0124664
172300,0.011624,0.012458615
172400,0.01163,0.01245085
172500,0.011601,0.012443015
172600,0.011606,0.012435185
172700,0.011614,0.01242744
172800,0.011606,0.01241965
172900,0.011616,0.012412015
173000,0.011603,0.012404295
173100,0.012068,0.012399005
173200,0.012782,0.012397295
173300,0.011616,0.01238984
173400,0.011552,0.012381965
173500,0.011549,0.0123742
173600,0.01175,0.01236737
173700,0.011602,0.01235996
173800,0.011561,0.012352395
173900,0.011538,0.01234478
174000,0.011573,0.01233736
174100,0.01153,0.01232981
174200,0.011507,0.012322125
174300,0.01148,0.012314405
174400,0.011473,0.01230663
174500,0.011474,0.012298985
174600,0.01147,0.012291325
174700,0.011449,0.01228358
174800,0.011449,0.01227587
174900,0.011437,0.012268165
175000,0.011431,0.012260415
175100,0.011436,0.012252525
175200,0.011434,0.012244835
175300,0.011454,0.012237275
175400,0.011414,0.01222958
175500,0.0114,0.01222194
175600,0.011416,0.012214315
175700,0.01143,0.01220681
175800,0.011408,0.012199245
175900,0.011372,0.012191605
176000,0.011401,0.01218422
176100,0.011369,0.01217667
176200,0.011406,0.012169305
176300,0.01134,0.012161625
176400,0.011336,0.012153985
176500,0.011323,0.01214639
176600,0.011362,0.01213896
176700,0.011345,0.012131505
176800,0.011304,0.012123865
176900,0.01129,0.01211628
177000,0.01129,0.01210873
177100,0.01127,0.01210112
177200,0.011265,0.01209331
177300,0.011261,0.01208546
177400,0.011246,0.01207777
177500,0.011226,0.012070015
177600,0.011238,0.01206237
177700,0.011232,0.012054645
177800,0.011219,0.012047
177900,0.011214,0.01203933
178000,0.011211,0.012031695
178100,0.011203,0.01202407
178200,0.011196,0.012015135
178300,0.011188,0.01200752
178400,0.011186,0.01199993
178500,0.011176,0.011992325
178600,0.011167,0.01198463
178700,0.01116,0.011976975
178800,0.01115,0.01196932
178900,0.01114,0.0119617
179000,0.011138,0.011954065
179100,0.011127,0.01194636
179200,0.011147,0.011938745
179300,0.011119,0.01193112
179400,0.011111,0.01192348
179500,0.011096,0.01191582
179600,0.011088,0.01190818
179700,0.01108,0.011900595
179800,0.011087,0.011893005
179900,0.011073,0.011885295
180000,0.011068,0.011877645
180100,0.011057,0.011869955
180200,0.011057,0.011862325
180300,0.01105,0.01185472
180400,0.011044,0.01184709
180500,0.01111,0.011839905
180600,0.011031,0.011832415
180700,0.011019,0.01182473
180800,0.011009,0.011816965
180900,0.011002,0.011809295
181000,0.010999,0.011801695
181100,0.010982,0.01179383
181200,0.010987,0.011785855
181300,0.010983,0.011778245
181400,0.010966,0.011770635
181500,0.010961,0.011762855
181600,0.010952,0.01175478
181700,0.010942,0.011747175
181800,0.010948,0.01172937
181900,0.010946,0.011721815
182000,0.010927,0.011714335
182100,0.010914,0.011706865
182200,0.010913,0.0116994
182300,0.010909,0.011691915
182400,0.010896,0.01168446
182500,0.010892,0.01167704
182600,0.010887,0.011669585
182700,0.010877,0.01166131
182800,0.010882,0.011648375
182900,0.010868,0.01162864
183000,0.010861,0.01162107
183100,0.010853,0.01161358
183200,0.010846,0.01160606
183300,0.010862,0.01159817
183400,0.010831,0.011589915
183500,0.01082,0.011582335
183600,0.010818,0.01157453
183700,0.010805,0.01156664
183800,0.01101,0.011560215
183900,0.010794,0.01155273
184000,0.010776,0.011545125
184100,0.010777,0.011537445
184200,0.010798,0.011530025
184300,0.010771,0.011522595
184400,0.01076,0.011514575
184500,0.010738,0.01150684
184600,0.010736,0.011499365
184700,0.010729,0.01149196
184800,0.010723,0.011484455
184900,0.010716,0.01147698
185000,0.010694,0.011469445
185100,0.010684,0.01146192
185200,0.010682,0.011454385
185300,0.010658,0.01144681
185400,0.010664,0.01143918
185500,0.010654,0.01143147
185600,0.010638,0.0114235
185700,0.01065,0.011415285
185800,0.010618,0.01140753
185900,0.010616,0.01139978
186000,0.010608,0.01139213
186100,0.010596,0.011384445
186200,0.010578,0.011376725
186300,0.010567,0.011369005
186400,0.010574,0.01136132
186500,0.010569,0.011353645
186600,0.010562,0.011345975
186700,0.010557,0.011338335
186800,0.010548,0.0113307
186900,0.010549,0.011323055
187000,0.010532,0.011315395
187100,0.010526,0.01130773
187200,0.010522,0.01130007
187300,0.010514,0.01129232
187400,0.010516,0.011284475
187500,0.010502,0.011276795
187600,0.010492,0.01126914
187700,0.010485,0.01126149
187800,0.010482,0.011253845
187900,0.010538,0.011246185
188000,0.010537,0.01123875
188100,0.010462,0.0112311
188200,0.010461,0.01122348
188300,0.010455,0.01121594
188400,0.010452,0.011208375
188500,0.010435,0.01120075
188600,0.010424,0.01119312
188700,0.01042,0.011185525
188800,0.010412,0.01117791
188900,0.010392,0.01117026
189000,0.010392,0.01116261
189100,0.010383,0.011154945
189200,0.010379,0.011147295
189300,0.010365,0.011139665
189400,0.010363,0.011131915
189500,0.010364,0.011123935
189600,0.010349,0.01111615
189700,0.010344,0.01110845
189800,0.010361,0.011100885
189900,0.010328,0.011093255
190000,0.010322,0.01108561
190100,0.010311,0.011077945
190200,0.010297,0.011070215
190300,0.010287,0.011062525
190400,0.010292,0.0110548
190500,0.010284,0.01104699
190600,0.010271,0.01103651
190700,0.01027,0.011027855
190800,0.010261,0.0110202
190900,0.010255,0.011012585
191000,0.010249,0.011003745
191100,0.01025,0.01099614
191200,0.01024,0.010988275
191300,0.010227,0.01098064
191400,0.010219,0.01097317
191500,0.010228,0.010965795
191600,0.010219,0.010958435
191700,0.010211,0.01095113
191800,0.01023,0.010943955
191900,0.010197,0.01093666
192000,0.010196,0.010929425
192100,0.010172,0.010922055
192200,0.010162,0.0109147
192300,0.010164,0.0109074
192400,0.010195,0.010900225
192500,0.010162,0.01089303
192600,0.010141,0.010885705
192700,0.010128,0.010878275
192800,0.010127,0.01087088
192900,0.010161,0.010863605
193000,0.010122,0.0108562
193100,0.010107,0.010846395
193200,0.010093,0.01083295
193300,0.010094,0.01082534
193400,0.010092,0.01081804
193500,0.010074,0.010810665
193600,0.010067,0.01080225
193700,0.010064,0.01079456
193800,0.01006,0.010787055
193900,0.010053,0.01077963
194000,0.010051,0.01077202
194100,0.010044,0.01076459
194200,0.010039,0.01075725
194300,0.010022,0.01074996
194400,0.010008,0.010742635
194500,0.010025,0.01073539
194600,0.010026,0.01072817
194700,0.010014,0.010720995
194800,0.010001,0.010713755
194900,0.009994,0.01070654
195000,0.009998,0.010699375
195100,0.009976,0.010692075
195200,0.009978,0.010684795
195300,0.009963,0.01067734
195400,0.009962,0.01067008
195500,0.009934,0.01066275
195600,0.009937,0.010655355
195700,0.009922,0.010647815
195800,0.009911,0.01064033
195900,0.009918,0.01063306
196000,0.009938,0.010625745
196100,0.009916,0.01061848
196200,0.00989,0.0106109
196300,0.009876,0.01060358
196400,0.009885,0.010596325
196500,0.0099,0.01058921
196600,0.010088,0.01058284
196700,0.009867,0.01057545
196800,0.009855,0.010568205
196900,0.009839,0.01056095
197000,0.009833,0.010553665
197100,0.009843,0.01054653
197200,0.009896,0.010539685
197300,0.009826,0.01053251
197400,0.0098,0.01052528
197500,0.00979,0.0105181
197600,0.00978,0.01051081
197700,0.009776,0.01050353
197800,0.009768,0.010496275
197900,0.009755,0.01048898
198000,0.00976,0.010481725
198100,0.009734,0.01047438
198200,0.00974,0.0104671
198300,0.009742,0.01045987
198400,0.009726,0.01045257
198500,0.009739,0.010445385
198600,0.009714,0.01043812
198700,0.009706,0.01043085
198800,0.009698,0.01042359
198900,0.009686,0.01041632
199000,0.00967,0.01040898
199100,0.009656,0.010401625
199200,0.009664,0.01039421
199300,0.009656,0.010386895
199400,0.009651,0.010379595
199500,0.009643,0.01037233
199600,0.009632,0.01036505
199700,0.009635,0.010357825
199800,0.00973,0.01035104
199900,0.009656,0.010343955
200000,0.009652,0.010336875
200100,0.009619,0.010329685
200200,0.009608,0.01032244
200300,0.009591,0.010315145
200400,0.009584,0.010307845
200500,0.009583,0.01030021
200600,0.009623,0.01029317
200700,0.009591,0.01028603
200800,0.009581,0.01027889
200900,0.009583,0.010271795
201000,0.009553,0.010264565
201100,0.009539,0.01025735
201200,0.009551,0.01025017
201300,0.00952,0.010242855
201400,0.009504,0.010235545
201500,0.009503,0.010228255
201600,0.009497,0.01022098
201700,0.00948,0.01021367
201800,0.009475,0.010206305
201900,0.009472,0.010198935
202000,0.009463,0.010191615
202100,0.009454,0.010184315
202200,0.009449,0.010176995
202300,0.00945,0.0101697
202400,0.009429,0.010162365
202500,0.009425,0.01015503
202600,0.009426,0.010147725
202700,0.009408,0.01014038
202800,0.009403,0.010132985
202900,0.009395,0.01012562
203000,0.009383,0.01011823
203100,0.009373,0.01011083
203200,0.009387,0.010103535
203300,0.009406,0.010096255
203400,0.009368,0.01008894
203500,0.009361,0.010081645
203600,0.009367,0.01007439
203700,0.009362,0.010067175
203800,0.00934,0.010058825
203900,0.009333,0.01005152
204000,0.009342,0.01004435
204100,0.009348,0.010037205
204200,0.009324,0.010029835
204300,0.009321,0.010022585
204400,0.009301,0.01001529
204500,0.009287,0.010008035
204600,0.00928,0.010000755
204700,0.009269,0.009993455
204800,0.00928,0.00998624
204900,0.009261,0.009978965
205000,0.009249,0.00997174
205100,0.009243,0.009964535
205200,0.009229,0.00995727
205300,0.009235,0.009950155
205400,0.009221,0.00994294
205500,0.009217,0.009935755
205600,0.009211,0.00992862
205700,0.009201,0.009921375
205800,0.009196,0.009914265
205900,0.00919,0.009907135
206000,0.00918,0.009899995
206100,0.009173,0.00989288
206200,0.009169,0.009885835
206300,0.00918,0.0098789
206400,0.009171,0.009871885
206500,0.009159,0.009864835
206600,0.009164,0.009857845
206700,0.009141,0.009850765
206800,0.009127,0.00984366
206900,0.009123,0.00983653
207000,0.009125,0.009829495
207100,0.009111,0.00982242
207200,0.00909,0.00981526
207300,0.009086,0.00980812
207400,0.009084,0.00980096
207500,0.009101,0.009793955
207600,0.009095,0.00978697
207700,0.009057,0.00977983
207800,0.009058,0.00977271
207900,0.009047,0.009765255
208000,0.009035,0.009757745
208100,0.009032,0.009750595
208200,0.009026,0.00974342
208300,0.009016,0.009736225
208400,0.009022,0.009729075
208500,0.009001,0.009721905
208600,0.008997,0.00971477
208700,0.00899,0.00970762
208800,0.008982,0.00970047
208900,0.008993,0.009693475
209000,0.008967,0.00968635
209100,0.00896,0.009679235
209200,0.008956,0.00967212
209300,0.008944,0.009665015
209400,0.009129,0.009658845
209500,0.008933,0.00965169
209600,0.00892,0.009644545
209700,0.008919,0.00963742
209800,0.008918,0.009630205
209900,0.008927,0.0096232
210000,0.008918,0.00961618
210100,0.008892,0.009609085
210200,0.008885,0.009602025
210300,0.008892,0.00959505
210400,0.00888,0.00958799
210500,0.008866,0.0095809
210600,0.008858,0.009573835
210700,0.008852,0.009566745
210800,0.008849,0.009559685
210900,0.008846,0.00955264
211000,0.008852,0.009545655
211100,0.008837,0.00953859
211200,0.008821,0.009531495
211300,0.008827,0.009524495
211400,0.008801,0.009517405
211500,0.008797,0.00951025
211600,0.008784,0.009503075
211700,0.008777,0.009495905
211800,0.00876,0.009488555
211900,0.008748,0.00948131
212000,0.008753,0.009474095
212100,0.00875,0.009466985
212200,0.008742,0.009459885
212300,0.008738,0.009452755
212400,0.008726,0.00944541
212500,0.008726,0.00943823
212600,0.008712,0.009431085
212700,0.008705,0.00942397
212800,0.008699,0.00941683
212900,0.008692,0.009409485
213000,0.008692,0.009402335
213100,0.008681,0.009395205
213200,0.008667,0.009388075
213300,0.008664,0.009380925
213400,0.008662,0.009373775
213500,0.008653,0.00936667
213600,0.008667,0.00935967
213700,0.008658,0.00935264
213800,0.008655,0.009345615
213900,0.008635,0.009338525
214000,0.008635,0.009331445
214100,0.008631,0.00932438
214200,0.008625,0.00931731
214300,0.008594,0.00931017
214400,0.008588,0.00930307
214500,0.008572,0.009295805
214600,0.008564,0.009288495
214700,0.008562,0.009281235
214800,0.008554,0.009274
214900,0.008545,0.009266755
215000,0.008538,0.009259455
215100,0.008539,0.00925227
215200,0.008526,0.00924501
215300,0.008519,0.00923779
215400,0.008524,0.0092306
215500,0.008504,0.00922345
215600,0.008496,0.009216245
215700,0.008492,0.009209095
215800,0.008473,0.009201905
215900,0.00846,0.009194615
216000,0.008466,0.009187255
216100,0.008457,0.00917996
216200,0.008446,0.00917274
216300,0.008444,0.00916558
216400,0.008432,0.009158315
216500,0.008432,0.009150975
216600,0.008422,0.009142645
216700,0.00842,0.00913541
216800,0.008415,0.00912821
216900,0.008401,0.00912102
217000,0.008398,0.009113845
217100,0.008419,0.009106725
217200,0.008403,0.00909926
217300,0.008376,0.00909201
217400,0.008382,0.00908492
217500,0.00838,0.00907787
217600,0.008386,0.0090709
217700,0.008355,0.009063795
217800,0.008353,0.00905672
217900,0.008353,0.00904971
218000,0.008336,0.00904259
218100,0.00832,0.00903552
218200,0.00831,0.00902837
218300,0.008305,0.009021185
218400,0.008301,0.00901406
218500,0.008291,0.00900682
218600,0.00829,0.0089997
218700,0.008279,0.008992565
218800,0.008267,0.00898541
218900,0.008261,0.008978285
219000,0.008259,0.00897123
219100,0.00825,0.0089642
219200,0.008238,0.00895707
219300,0.008231,0.008949945
219400,0.008229,0.008942835
219500,0.008216,0.0089357
219600,0.008214,0.00892861
219700,0.008212,0.008921495
219800,0.008196,0.008913825
219900,0.00819,0.008906495
220000,0.008182,0.008899145
220100,0.008171,0.008891905
220200,0.008169,0.00888471
220300,0.008167,0.00887759
220400,0.008152,0.00887043
220500,0.008143,0.00886323
220600,0.00814,0.008855815
220700,0.008136,0.00884854
220800,0.008124,0.008841255
220900,0.00812,0.00883394
221000,0.008119,0.00882677
221100,0.008113,0.00881964
221200,0.008118,0.008812475
221300,0.008094,0.008805345
221400,0.008088,0.008798265
221500,0.008081,0.008791155
221600,0.008074,0.00878404
221700,0.008084,0.00877706
221800,0.00806,0.008769985
221900,0.008058,0.008762915
222000,0.00807,0.00875595
222100,0.008041,0.008748885
222200,0.008214,0.00874271
222300,0.008028,0.0087356
222400,0.008022,0.008728565
222500,0.00808,0.00872184
222600,0.008038,0.0087149
222700,0.008012,0.00870792
222800,0.007992,0.008700865
222900,0.007976,0.00869377
223000,0.007971,0.00868671
223100,0.007963,0.00867966
223200,0.007955,0.0086725
223300,0.007951,0.008665225
223400,0.007942,0.008658095
223500,0.007935,0.008650965
223600,0.007932,0.00864379
223700,0.00791,0.00863653
223800,0.007912,0.00862939
223900,0.007915,0.0086223
224000,0.007908,0.00861513
224100,0.007909,0.008607935
224200,0.007886,0.008600745
224300,0.007882,0.00859355
224400,0.007873,0.00858641
224500,0.007864,0.008579295
224600,0.007854,0.008572165
224700,0.007838,0.00856501
224800,0.007838,0.0085578
224900,0.007838,0.008550685
225000,0.007829,0.008543585
225100,0.007823,0.008536485
225200,0.007817,0.008529425
225300,0.007815,0.008522325
225400,0.007797,0.008515205
225500,0.007792,0.00850808
225600,0.007788,0.008500965
225700,0.00778,0.00849386
225800,0.007782,0.00848679
225900,0.007767,0.008479675
226000,0.007758,0.008472565
226100,0.007751,0.008465455
226200,0.007745,0.008458335
226300,0.007739,0.00845113
226400,0.007727,0.00844391
226500,0.00772,0.008436715
226600,0.007714,0.008429465
226700,0.007707,0.008422295
226800,0.007704,0.00841518
226900,0.007696,0.008408045
227000,0.007685,0.008400845
227100,0.00768,0.00839369
227200,0.007676,0.00838662
227300,0.00766,0.00837949
227400,0.007656,0.00837235
227500,0.007651,0.0083651
227600,0.007642,0.008357835
227700,0.007633,0.008350715
227800,0.007631,0.00834358
227900,0.007625,0.00833647
228000,0.007616,0.008329375
228100,0.00761,0.008322265
228200,0.007608,0.008315175
228300,0.007592,0.008308055
228400,0.007585,0.00830087
228500,0.007581,0.00829377
228600,0.007567,0.00828662
228700,0.007554,0.00827944
228800,0.00756,0.00827233
228900,0.00755,0.008265115
229000,0.007542,0.00825799
229100,0.007535,0.008250865
229200,0.007529,0.00824373
229300,0.007522,0.00823662
229400,0.007516,0.008228555
229500,0.007511,0.008221445
229600,0.007508,0.008214385
229700,0.007494,0.00820726
229800,0.00749,0.00820012
229900,0.007502,0.008192995
230000,0.007473,0.00818577
230100,0.007463,0.008178625
230200,0.00746,0.0081715
230300,0.007449,0.008164285
230400,0.00745,0.008157135
230500,0.007438,0.008149995
230600,0.00743,0.008142855
230700,0.007418,0.008135685
230800,0.007413,0.008128505
230900,0.007406,0.008121305
231000,0.0074,0.008114045
231100,0.007395,0.008106835
231200,0.007389,0.008099675
231300,0.007383,0.008092455
231400,0.007376,0.00808533
231500,0.007369,0.00807819
231600,0.007358,0.00807106
231700,0.007351,0.00806393
231800,0.007345,0.008056855
231900,0.00734,0.008049815
232000,0.007328,0.00804269
232100,0.00732,0.00803554
232200,0.007318,0.00802842
232300,0.007307,0.008021265
232400,0.007305,0.00801416
232500,0.007302,0.00800704
232600,0.007283,0.007999895
232700,0.00728,0.00799277
232800,0.007274,0.007985645
232900,0.007263,0.0079785
233000,0.00726,0.00797134
233100,0.007253,0.0079642
233200,0.007243,0.00795708
233300,0.007233,0.007949925
233400,0.007229,0.00794276
233500,0.007226,0.007935625
233600,0.007216,0.00792837
233700,0.007209,0.007921125
233800,0.007204,0.00791387
233900,0.007193,0.00790666
234000,0.007198,0.007899475
234100,0.007183,0.007892235
234200,0.007177,0.007884995
234300,0.007169,0.00787787
234400,0.00716,0.00787073
234500,0.007161,0.007863675
234600,0.007145,0.00785658
234700,0.00714,0.00784947
234800,0.007133,0.007842365
234900,0.007124,0.00783526
235000,0.007273,0.007828935
235100,0.00711,0.00782179
235200,0.007098,0.00781465
235300,0.007093,0.00780752
235400,0.007095,0.007800375
235500,0.007085,0.00779328
235600,0.007075,0.007786175
235700,0.007069,0.00777906
235800,0.007061,0.007772
235900,0.007058,0.00776499
236000,0.007044,0.00775788
236100,0.007041,0.0077508
236200,0.007032,0.00774373
236300,0.007027,0.007736645
236400,0.007022,0.007729595
236500,0.007,0.007722435
236600,0.007005,0.00771535
236700,0.007004,0.00770827
236800,0.006992,0.007701155
236900,0.006997,0.007694135
237000,0.006977,0.00768703
237100,0.006971,0.00767979
237200,0.006962,0.007672585
237300,0.006953,0.00766547
237400,0.00694,0.00765826
237500,0.006928,0.007651
237600,0.00693,0.00764372
237700,0.006928,0.007636585
237800,0.006919,0.007629415
237900,0.006912,0.00762221
238000,0.006905,0.007615055
238100,0.006911,0.00760801
238200,0.006887,0.007600895
238300,0.006882,0.00759378
238400,0.006878,0.007586665
238500,0.006868,0.00757955
238600,0.006865,0.007572425
238700,0.006856,0.00756531
238800,0.006845,0.0075582
238900,0.00684,0.007551095
239000,0.006832,0.00754396
239100,0.006834,0.00753688
239200,0.006817,0.007529775
239300,0.006809,0.007522665
239400,0.006806,0.00751555
239500,0.006798,0.00750846
239600,0.006791,0.007501345
239700,0.006786,0.007494215
239800,0.006776,0.007487115
239900,0.006773,0.00748003
240000,0.006762,0.00747293
240100,0.00675,0.007465825
240200,0.006747,0.007458715
240300,0.00674,0.00745158
240400,0.006732,0.00744448
240500,0.006723,0.00743738
240600,0.00672,0.00743028
240700,0.006716,0.00742318
240800,0.006704,0.00741608
240900,0.0067,0.00740898
241000,0.006698,0.007401875
241100,0.006681,0.007394715
241200,0.006678,0.007387515
241300,0.00667,0.007380395
241400,0.006659,0.00737325
241500,0.006645,0.00736607
241600,0.00665,0.00735895
241700,0.006641,0.007351735
241800,0.006631,0.00734459
241900,0.006627,0.007337435
242000,0.006617,0.00733017
242100,0.006613,0.00732303
242200,0.006608,0.007315
242300,0.0066,0.00730786
242400,0.006598,0.00730074
242500,0.006584,0.00729326
242600,0.006578,0.00728596
242700,0.006575,0.007278775
242800,0.006562,0.007271625
242900,0.006556,0.007264525
243000,0.006548,0.00725741
243100,0.00654,0.007250295
243200,0.006546,0.00724325
243300,0.00653,0.007236145
243400,0.006522,0.007229045
243500,0.006517,0.007221955
243600,0.006503,0.00721481
243700,0.00649,0.00720771
243800,0.00649,0.0072006
243900,0.006483,0.00719344
244000,0.00648,0.0071863
244100,0.00647,0.007179105
244200,0.006465,0.007172
244300,0.006459,0.007164885
244400,0.006446,0.00715775
244500,0.006443,0.007150645
244600,0.006435,0.00714355
244700,0.006429,0.007136505
244800,0.006418,0.007129405
244900,0.006413,0.00712228
245000,0.006404,0.007115155
245100,0.006396,0.00710802
245200,0.006394,0.007100905
245300,0.006388,0.00709377
245400,0.006377,0.00708667
245500,0.00637,0.00707956
245600,0.006363,0.007072435
245700,0.006355,0.00706531
245800,0.006348,0.00705814
245900,0.006342,0.007051015
246000,0.006334,0.007043895
246100,0.006322,0.00703675
246200,0.00632,0.007029625
246300,0.006317,0.007022515
246400,0.006303,0.007015395
246500,0.006299,0.00700829
246600,0.006296,0.0070012
246700,0.006284,0.006994085
246800,0.006281,0.00698697
246900,0.006272,0.00697985
247000,0.006265,0.00697275
247100,0.00626,0.00696565
247200,0.00625,0.00695852
247300,0.006254,0.00695149
247400,0.006236,0.00694439
247500,0.006228,0.006937275
247600,0.006224,0.006930185
247700,0.006217,0.006923105
247800,0.006339,0.006916645
247900,0.0062,0.00690952
248000,0.00619,0.00690239
248100,0.006185,0.006895265
248200,0.006183,0.00688814
248300,0.006178,0.00688107
248400,0.006167,0.00687398
248500,0.006153,0.00686684
248600,0.006151,0.00685976
248700,0.006147,0.006852725
248800,0.006141,0.00684563
248900,0.00613,0.00683853
249000,0.00612,0.00683142
249100,0.006116,0.006824325
249200,0.006111,0.006817235
249300,0.006091,0.00681008
249400,0.006093,0.006802965
249500,0.006093,0.006795875
249600,0.006081,0.00678874
249700,0.006085,0.006781695
249800,0.006066,0.006774575
249900,0.006061,0.00676737
250000,0.006054,0.006760275
250100,0.006056,0.00675324
250200,0.006034,0.00674611
250300,0.006043,0.00673908
250400,0.006035,0.006732005
250500,0.006022,0.006724925
250600,0.006012,0.006717835
250700,0.006004,0.006710765
250800,0.006003,0.006703715
250900,0.006006,0.006696715
251000,0.006088,0.006690155
251100,0.005978,0.00668307
251200,0.005972,0.006675985
251300,0.005962,0.00666888
251400,0.005959,0.006661795
251500,0.005947,0.006654685
251600,0.005944,0.006647615
251700,0.005934,0.00664053
251800,0.005926,0.006633435
251900,0.005918,0.006626325
252000,0.005911,0.00661924
252100,0.005903,0.006612155
252200,0.005898,0.006605055
252300,0.00589,0.00659797
252400,0.005893,0.00659091
252500,0.005877,0.006583785
252600,0.005869,0.006576715
252700,0.005864,0.006569635
252800,0.005858,0.006562555
252900,0.005844,0.00655546
253000,0.005837,0.006548345
253100,0.005834,0.00654125
253200,0.005822,0.006534145
253300,0.005813,0.006527045
253400,0.005809,0.006519945
253500,0.005806,0.006512845
253600,0.005794,0.006505735
253700,0.005787,0.006498625
253800,0.005789,0.00649155
253900,0.005776,0.006484465
254000,0.005769,0.00647732
254100,0.00576,0.006470205
254200,0.005749,0.006463065
254300,0.005738,0.00645591
254400,0.005739,0.006448805
254500,0.005733,0.006441665
254600,0.005721,0.006434545
254700,0.005717,0.00642743
254800,0.005708,0.006420305
254900,0.005701,0.00641319
255000,0.005696,0.006405305
255100,0.005693,0.00639822
255200,0.005687,0.006391165
255300,0.005672,0.00638406
255400,0.00567,0.006376935
255500,0.00567,0.00636986
255600,0.005651,0.00636274
255700,0.005647,0.00635563
255800,0.005642,0.006348535
255900,0.005629,0.00634139
256000,0.005635,0.006334345
256100,0.005619,0.006327235
256200,0.00561,0.006320125
256300,0.005603,0.006313005
256400,0.005592,0.006305855
256500,0.005603,0.00629887
256600,0.00558,0.006291745
256700,0.005575,0.0062846
256800,0.00557,0.00627749
256900,0.00556,0.006270305
257000,0.005556,0.0062632
257100,0.005547,0.00625608
257200,0.005538,0.00624896
257300,0.005531,0.00624185
257400,0.005529,0.006234795
257500,0.005517,0.00622774
257600,0.00552,0.00622069
257700,0.005508,0.00621359
257800,0.005498,0.006206485
257900,0.00549,0.006199375
258000,0.005483,0.006192265
258100,0.005479,0.006185105
258200,0.005465,0.006177995
258300,0.00547,0.006170935
258400,0.005455,0.00616382
258500,0.005444,0.0061567
258600,0.005441,0.00614958
258700,0.005433,0.006142465
258800,0.005425,0.006135365
258900,0.005413,0.00612823
259000,0.005414,0.00612114
259100,0.005403,0.006113985
259200,0.0054,0.0061069
259300,0.005398,0.006099845
259400,0.005381,0.00609272
259500,0.005375,0.006085605
259600,0.005374,0.00607852
259700,0.005358,0.00607138
259800,0.005353,0.006064265
259900,0.005343,0.006057115
260000,0.005336,0.006049985
260100,0.005336,0.006042915
260200,0.005321,0.006035785
260300,0.005313,0.00602865
260400,0.00531,0.00602154
260500,0.005299,0.00601442
260600,0.005407,0.006007855
260700,0.00529,0.006000725
260800,0.005279,0.0059936
260900,0.005283,0.005986515
261000,0.005273,0.00597939
261100,0.005271,0.00597234
261200,0.005259,0.005965245
261300,0.005249,0.00595814
261400,0.005246,0.005951075
261500,0.005236,0.00594403
261600,0.005227,0.005936915
261700,0.00522,0.00592981
261800,0.005214,0.005922725
261900,0.005207,0.005915625
262000,0.005208,0.00590858
262100,0.005204,0.005901535
262200,0.005197,0.00589448
262300,0.005197,0.005887465
262400,0.005176,0.005880355
262500,0.00518,0.005873335
262600,0.005162,0.005866255
262700,0.005153,0.005859145
262800,0.005148,0.005852075
262900,0.005147,0.00584503
263000,0.005131,0.005837945
263100,0.005124,0.005830865
263200,0.005117,0.00582372
263300,0.005126,0.0058167
263400,0.005109,0.005809635
263500,0.00511,0.0058026
263600,0.0051,0.005795585
263700,0.005093,0.0057886
263800,0.005074,0.00578152
263900,0.005075,0.00577448
264000,0.00507,0.00576743
264100,0.005065,0.005760405
264200,0.005047,0.005753315
264300,0.00504,0.00574622
264400,0.00503,0.00573914
264500,0.005027,0.00573206
264600,0.005024,0.005725005
264700,0.005038,0.00571805
264800,0.00501,0.00571101
264900,0.004994,0.005703915
265000,0.004988,0.005696835
265100,0.005006,0.005689885
265200,0.004987,0.00568285
265300,0.004973,0.005675775
265400,0.004962,0.0056687
265500,0.004959,0.005661645
265600,0.004954,0.0056546
265700,0.004947,0.00564756
265800,0.004941,0.005640525
265900,0.004923,0.00563343
266000,0.00492,0.00562636
266100,0.004906,0.00561928
266200,0.004899,0.005612175
266300,0.004895,0.005605065
266400,0.004886,0.00559798
266500,0.004882,0.005590895
266600,0.004878,0.005583805
266700,0.004866,0.005576715
266800,0.00486,0.00556961
266900,0.004853,0.005562515
267000,0.004839,0.005555385
267100,0.004832,0.005548245
267200,0.004832,0.005541155
267300,0.004824,0.005534005
267400,0.004816,0.005526905
267500,0.00481,0.005519815
267600,0.004799,0.00551269
267700,0.004797,0.00550559
267800,0.00479,0.005497845
267900,0.004789,0.00549079
268000,0.004778,0.00548373
268100,0.004766,0.005476635
268200,0.004761,0.005469525
268300,0.00476,0.005462435
268400,0.004745,0.005455325
268500,0.004736,0.00544824
268600,0.004733,0.00544115
268700,0.004725,0.00543404
268800,0.004728,0.005426975
268900,0.004709,0.00541987
269000,0.004703,0.005412785
269100,0.004698,0.005405695
269200,0.004701,0.005398645
269300,0.004682,0.0053916
269400,0.004678,0.005384525
269500,0.00467,0.00537741
269600,0.004664,0.005370325
269700,0.004656,0.00536318
269800,0.004648,0.00535609
269900,0.004643,0.005349
270000,0.004643,0.005341945
270100,0.004648,0.005334905
270200,0.00462,0.005327835
270300,0.004616,0.0053207
270400,0.004602,0.005313535
270500,0.004597,0.00530641
270600,0.004592,0.00529931
270700,0.004581,0.005292195
270800,0.00458,0.00528508
270900,0.00457,0.0052779
271000,0.004572,0.00527032
271100,0.004566,0.00526326
271200,0.004551,0.005256155
271300,0.004553,0.00524911
271400,0.004538,0.005242005
271500,0.00453,0.00523492
271600,0.004517,0.005227785
271700,0.004515,0.00522069
271800,0.004513,0.005213625
271900,0.004511,0.00520659
272000,0.004497,0.00519952
272100,0.00449,0.005192455
272200,0.004482,0.005185375
272300,0.004472,0.005178285
272400,0.004462,0.00517113
272500,0.004462,0.005164055
272600,0.004455,0.005156985
272700,0.004452,0.005149925
272800,0.004445,0.00514286
272900,0.004445,0.005135865
273000,0.004422,0.00512879
273100,0.004414,0.00512169
273200,0.004412,0.00511464
273300,0.004397,0.00510756
273400,0.004484,0.005100935
273500,0.004382,0.005093815
273600,0.004375,0.00508672
273700,0.004367,0.00507962
273800,0.004363,0.00507249
273900,0.00436,0.00506541
274000,0.004346,0.005058295
274100,0.004337,0.00505118
274200,0.004333,0.0050441
274300,0.004325,0.005037035
274400,0.004316,0.00502992
274500,0.004313,0.00502282
274600,0.004302,0.005015725
274700,0.004296,0.00500862
274800,0.004293,0.005001545
274900,0.004275,0.004994415
275000,0.004275,0.00498731
275100,0.004272,0.004980205
275200,0.004264,0.00497309
275300,0.004262,0.00496604
275400,0.004247,0.004958925
275500,0.004242,0.004951785
275600,0.004232,0.00494469
275700,0.004225,0.00493758
275800,0.004213,0.004930435
275900,0.004205,0.004923315
276000,0.004204,0.00491616
276100,0.004199,0.00490906
276200,0.004191,0.004901965
276300,0.004181,0.004894855
276400,0.004175,0.00488777
276500,0.004173,0.00488062
276600,0.004159,0.004873515
276700,0.004153,0.004866405
276800,0.004147,0.00485929
276900,0.004138,0.00485218
277000,0.004136,0.00484508
277100,0.004128,0.004837985
277200,0.004118,0.004830885
277300,0.004112,0.00482379
277400,0.004119,0.00481674
277500,0.004103,0.00480967
277600,0.004103,0.004802585
277700,0.00409,0.004795495
277800,0.004081,0.00478841
277900,0.00407,0.00478131
278000,0.004071,0.00477425
278100,0.004066,0.004767185
278200,0.004054,0.00476013
278300,0.004047,0.004753015
278400,0.004041,0.004745945
278500,0.004032,0.004738885
278600,0.004018,0.00473177
278700,0.004011,0.00472466
278800,0.004003,0.00471755
278900,0.003994,0.004710455
279000,0.003988,0.004703325
279100,0.003981,0.004696215
279200,0.003974,0.004689085
279300,0.003966,0.004681925
279400,0.003967,0.004674855
279500,0.003954,0.00466775
279600,0.003945,0.004660605
279700,0.003941,0.00465352
279800,0.003934,0.004646425
279900,0.003921,0.004639315
280000,0.003924,0.004632255
280100,0.003925,0.0046252
280200,0.003914,0.004618165
280300,0.003898,0.00461109
280400,0.003892,0.004604
280500,0.003887,0.00459694
280600,0.003878,0.004589295
280700,0.00387,0.004582195
280800,0.003864,0.00457512
280900,0.003858,0.004567995
281000,0.003844,0.00456085
281100,0.003841,0.0045537
281200,0.003833,0.00454657
281300,0.003826,0.004539455
281400,0.003824,0.004532345
281500,0.003821,0.00452527
281600,0.00382,0.004518235
281700,0.003798,0.004511125
281800,0.003791,0.00450401
281900,0.00378,0.004496875
282000,0.003774,0.004489705
282100,0.003764,0.004482505
282200,0.003757,0.004475305
282300,0.003748,0.00446806
282400,0.003742,0.00446089
282500,0.003732,0.00445365
282600,0.003737,0.004446525
282700,0.003726,0.00443939
282800,0.003718,0.00443224
282900,0.003709,0.00442505
283000,0.003706,0.004417925
283100,0.003699,0.0044108
283200,0.003688,0.004403655
283300,0.003682,0.004396435
283400,0.003681,0.004389295
283500,0.003672,0.004382105
283600,0.003665,0.00437493
283700,0.00366,0.004367765
283800,0.003645,0.00436062
283900,0.003644,0.004353465
284000,0.003644,0.004346335
284100,0.003637,0.004339195
284200,0.003628,0.0043321
284300,0.003616,0.00432498
284400,0.003607,0.004317865
284500,0.003605,0.004310755
284600,0.003594,0.004303605
284700,0.003583,0.00429633
284800,0.003578,0.00428917
284900,0.003568,0.00428204
285000,0.003566,0.00427493
285100,0.003556,0.00426768
285200,0.003552,0.004260505
285300,0.003549,0.004253385
285400,0.003539,0.00424627
285500,0.003534,0.004239145
285600,0.003524,0.004231995
285700,0.003521,0.004224865
285800,0.00351,0.00421771
285900,0.00351,0.004210645
286000,0.003497,0.00420353
286100,0.003495,0.004196475
286200,0.003561,0.004189785
286300,0.003478,0.0041827
286400,0.003468,0.00417561
286500,0.003467,0.004168535
286600,0.003456,0.004161425
286700,0.003451,0.00415435
286800,0.003434,0.00414722
286900,0.00343,0.004140105
287000,0.003421,0.004133015
287100,0.003414,0.004125925
287200,0.003411,0.00411882
287300,0.003399,0.004111695
287400,0.003393,0.00410458
287500,0.003383,0.004097445
287600,0.003376,0.00409033
287700,0.00337,0.004083195
287800,0.003359,0.00407604
287900,0.003359,0.00406889
288000,0.003347,0.004061735
288100,0.003345,0.00405463
288200,0.003334,0.004047495
288300,0.003325,0.00404032
288400,0.003317,0.00403318
288500,0.003313,0.004026065
288600,0.003301,0.004018905
288700,0.003294,0.00401175
288800,0.003295,0.004004585
288900,0.003282,0.00399745
289000,0.003276,0.003990315
289100,0.00327,0.003983175
289200,0.003269,0.003976015
289300,0.003269,0.00396895
289400,0.003257,0.003961845
289500,0.003251,0.00395475
289600,0.003244,0.00394765
289700,0.003229,0.003940515
289800,0.003221,0.00393338
289900,0.003221,0.00392627
290000,0.003214,0.003919125
290100,0.003201,0.00391189
290200,0.00319,0.00390474
290300,0.003183,0.003897575
290400,0.003171,0.00389042
290500,0.003171,0.00388329
290600,0.00316,0.00387613
290700,0.003155,0.003869
290800,0.003154,0.00386187
290900,0.003133,0.003854685
291000,0.003124,0.003847445
291100,0.003121,0.00384022
291200,0.003112,0.003833025
291300,0.003103,0.003825775
291400,0.003097,0.00381857
291500,0.003089,0.003811365
291600,0.003084,0.0038042
291700,0.003076,0.003797005
291800,0.003069,0.003789785
291900,0.003061,0.003782535
292000,0.003054,0.00377532
292100,0.003047,0.003768105
292200,0.003042,0.003760905
292300,0.003033,0.00375371
292400,0.003025,0.003746525
292500,0.003019,0.00373931
292600,0.003011,0.00373209
292700,0.003004,0.00372485
292800,0.002997,0.00371761
292900,0.002989,0.00371033
293000,0.002983,0.003703135
293100,0.002976,0.003695945
293200,0.002968,0.003688725
293300,0.00296,0.00368154
293400,0.002955,0.003673895
293500,0.002949,0.00366673
293600,0.002941,0.00365956
293700,0.002937,0.00365241
293800,0.002968,0.003645435
293900,0.00292,0.003638235
294000,0.002913,0.00363107
294100,0.002906,0.003623915
294200,0.002899,0.003616745
294300,0.002892,0.00360958
294400,0.002884,0.00360242
294500,0.002877,0.00359524
294600,0.002869,0.003588075
294700,0.002862,0.003580905
294800,0.002855,0.003573715
294900,0.00286,0.00356664
295000,0.002841,0.00355947
295100,0.002835,0.003552285
295200,0.002826,0.003545095
295300,0.002819,0.00353788
295400,0.002814,0.003530715
295500,0.002805,0.00352353
295600,0.002798,0.00351636
295700,0.002793,0.0035092
295800,0.002783,0.00350205
295900,0.002776,0.003494905
296000,0.002769,0.00348773
296100,0.002764,0.003480555
296200,0.002756,0.00347338
296300,0.002747,0.00346621
296400,0.002741,0.00345904
296500,0.002735,0.00345185
296600,0.002727,0.00344469
296700,0.00272,0.003437525
296800,0.002711,0.003430345
296900,0.002706,0.003423185
297000,0.002695,0.00341598
297100,0.002693,0.003408805
297200,0.002683,0.00340163
297300,0.002677,0.003394455
297400,0.002668,0.0033872
297500,0.002663,0.00338
297600,0.002656,0.003372765
297700,0.002648,0.003365555
297800,0.002642,0.00335836
297900,0.002633,0.003351175
298000,0.002632,0.00334398
298100,0.002623,0.003336765
298200,0.002611,0.00332955
298300,0.002611,0.00332237
298400,0.002601,0.00331517
298500,0.002593,0.003307975
298600,0.002587,0.00330082
298700,0.002578,0.003293655
298800,0.002573,0.003286505
298900,0.002567,0.00327937
299000,0.002611,0.003272485
299100,0.002551,0.003265335
299200,0.002541,0.00325817
299300,0.002539,0.003251035
299400,0.002528,0.00324384
299500,0.002524,0.00323669
299600,0.002513,0.00322953
299700,0.002511,0.00322238
299800,0.002503,0.003215225
299900,0.002499,0.003208115
300000,0.002487,0.00320093
300100,0.002791,0.00319526
300200,0.002476,0.00318807
300300,0.002478,0.00318097
300400,0.002457,0.003173795
300500,0.002451,0.003166615
300600,0.002442,0.003159435
300700,0.002439,0.00315228
300800,0.00243,0.00314511
300900,0.002428,0.00313796
301000,0.002423,0.003130855
301100,0.002417,0.003123735
301200,0.002409,0.003116615
301300,0.002404,0.003109505
301400,0.002402,0.003102395
301500,0.002449,0.003095535
301600,0.002473,0.0030888
301700,0.002452,0.00308207
301800,0.002625,0.00307624
301900,0.002583,0.003070255
302000,0.00256,0.003064185
302100,0.002527,0.003058
302200,0.00252,0.003051815
302300,0.002543,0.00304579
302400,0.002552,0.00303984
302500,0.002311,0.003032735
302600,0.002302,0.00302556
302700,0.0023,0.00301843
302800,0.002289,0.003011285
302900,0.002294,0.00300421
303000,0.002284,0.0029971
303100,0.002273,0.00298997
303200,0.002268,0.00298287
303300,0.002257,0.002975745
303400,0.002252,0.0029686
303500,0.00224,0.00296144
303600,0.002241,0.00295432
303700,0.002225,0.002947145
303800,0.002221,0.002940025
303900,0.002216,0.002932885
304000,0.002204,0.002925685
304100,0.002195,0.002918475
304200,0.002187,0.00291127
304300,0.002182,0.0029041
304400,0.002176,0.002896945
304500,0.002168,0.00288976
304600,0.002161,0.002882595
304700,0.002156,0.00287546
304800,0.002148,0.00286831
304900,0.002142,0.00286118
305000,0.002133,0.002854015
305100,0.002126,0.002846865
305200,0.002117,0.00283969
305300,0.002111,0.0028325
305400,0.002107,0.00282534
305500,0.002095,0.002818145
305600,0.002094,0.002810995
305700,0.002082,0.0028038
305800,0.002076,0.00279663
305900,0.002069,0.002789425
306000,0.002062,0.00278225
306100,0.002056,0.002775055
306200,0.002046,0.00276748
306300,0.00204,0.00276029
306400,0.002033,0.002753115
306500,0.002027,0.002745915
306600,0.002023,0.00273875
306700,0.002011,0.00273155
306800,0.002005,0.002724405
306900,0.002006,0.002717285
307000,0.001993,0.002710145
307100,0.001988,0.002703015
307200,0.001982,0.00269587
307300,0.00197,0.002688725
307400,0.001963,0.002681575
307500,0.001957,0.002674445
307600,0.001958,0.002667355
307700,0.00194,0.002660205
307800,0.001935,0.002653085
307900,0.001928,0.00264593
308000,0.001919,0.00263879
308100,0.001917,0.00263165
308200,0.001907,0.002624515
308300,0.001899,0.002617385
308400,0.001882,0.00261021
308500,0.001886,0.002603075
308600,0.001879,0.002595965
308700,0.001872,0.002588855
308800,0.001862,0.00258169
308900,0.001857,0.002574565
309000,0.001849,0.00256743
309100,0.001845,0.002560305
309200,0.001827,0.002553095
309300,0.001829,0.002545895
309400,0.001823,0.002538725
309500,0.001819,0.002531565
309600,0.002047,0.00252558
309700,0.001812,0.002518495
309800,0.001793,0.002511355
309900,0.00179,0.0025042
310000,0.001783,0.002497045
310100,0.001774,0.00248991
310200,0.001765,0.002482785
310300,0.001761,0.002475675
310400,0.001754,0.00246859
310500,0.001748,0.002461475
310600,0.001736,0.002454355
310700,0.00173,0.00244723
310800,0.001726,0.00244009
310900,0.001718,0.002433015
311000,0.001708,0.002425935
311100,0.001707,0.002418865
311200,0.001698,0.002411795
311300,0.001692,0.00240474
311400,0.001681,0.00239766
311500,0.001677,0.0023906
311600,0.001669,0.002383525
311700,0.00166,0.002376445
311800,0.00169,0.00236955
311900,0.001649,0.00236249
312000,0.001637,0.002355405
312100,0.001634,0.00234834
312200,0.001628,0.00234127
312300,0.00162,0.002334205
312400,0.001614,0.00232715
312500,0.001602,0.002320065
312600,0.001597,0.002312995
312700,0.001593,0.00230594
312800,0.001583,0.00229887
312900,0.001577,0.00229181
313000,0.001567,0.00228473
313100,0.001563,0.002277665
313200,0.001558,0.002270615
313300,0.001546,0.002263545
313400,0.001542,0.00225648
313500,0.001532,0.002249395
313600,0.001529,0.002242335
313700,0.001522,0.00223526
313800,0.001514,0.00222799
313900,0.001504,0.00222091
314000,0.0015,0.002213845
314100,0.001491,0.00220677
314200,0.001485,0.0021997
314300,0.001476,0.00219262
314400,0.001471,0.002185555
314500,0.001462,0.00217848
314600,0.001458,0.002171425
314700,0.001448,0.002164355
314800,0.001444,0.0021573
314900,0.001433,0.002150165
315000,0.001427,0.002143095
315100,0.001421,0.002136025
315200,0.001413,0.00212896
315300,0.00141,0.002121915
315400,0.001398,0.002114835
315500,0.001402,0.00210782
315600,0.001398,0.00210082
315700,0.00139,0.002093805
315800,0.001406,0.00208692
315900,0.001397,0.002080025
316000,0.001377,0.002073065
316100,0.001375,0.00206612
316200,0.001347,0.002059075
316300,0.001343,0.002052055
316400,0.00133,0.002045
316500,0.001321,0.00203793
316600,0.001356,0.002031075
316700,0.001327,0.00202411
316800,0.00133,0.002017205
316900,0.001315,0.00201025
317000,0.001313,0.00200334
317100,0.001299,0.00199637
317200,0.001276,0.001989335
317300,0.001273,0.001982315
317400,0.001262,0.001975285
317500,0.001241,0.001968175
317600,0.001244,0.001961115
317700,0.001375,0.00195475
317800,0.001295,0.001948015
317900,0.001222,0.00194096
318000,0.001216,0.00193388
318100,0.001207,0.0019268
318200,0.0012,0.001919745
318300,0.001193,0.001912655
318400,0.001178,0.00190554
318500,0.001181,0.00189848
318600,0.001172,0.001891405
318700,0.001165,0.00188434
318800,0.001158,0.001877265
318900,0.001151,0.001870185
319000,0.001136,0.00186281
319100,0.00114,0.001855755
319200,0.001129,0.001848695
319300,0.001122,0.00184161
319400,0.001116,0.00183455
319500,0.001108,0.00182747
319600,0.001101,0.00182041
319700,0.001094,0.001813325
319800,0.001079,0.001806205
319900,0.001083,0.001799125
320000,0.001074,0.00179206
320100,0.001065,0.00178343
320200,0.001058,0.00177634
320300,0.001052,0.00176921
320400,0.001044,0.001762145
320500,0.001161,0.001755695
320600,0.001034,0.001748655
320700,0.001041,0.001741665
320800,0.001007,0.00173455
320900,0.001013,0.001727475
321000,0.00101,0.00172041
321100,0.000991,0.00171328
321200,0.00099,0.001706185
321300,0.000976,0.001699045
321400,0.000994,0.001692005
321500,0.000978,0.00168465
321600,0.000947,0.00167702
321700,0.000956,0.00166954
321800,0.000937,0.0016611
321900,0.000954,0.001652955
322000,0.000922,0.001644765
322100,0.000927,0.001636765
322200,0.000907,0.0016287
322300,0.000926,0.001620615
322400,0.000893,0.00161232
322500,0.000915,0.00160534
322600,0.000889,0.001598275
322700,0.000886,0.001591205
322800,0.000865,0.001584085
322900,0.000855,0.00157689
323000,0.000865,0.001569795
323100,0.000854,0.0015627
323200,0.00085,0.00155561
323300,0.00084,0.001548525
323400,0.000839,0.00154146
323500,0.000816,0.00153434
323600,0.000805,0.00152716
323700,0.000818,0.001520125
323800,0.000794,0.00151299
323900,0.000803,0.001505925
324000,0.000792,0.001498865
324100,0.000771,0.001491745
324200,0.00078,0.00148471
324300,0.000771,0.001477655
324400,0.000766,0.001470605
324500,0.000742,0.001463475
324600,0.000753,0.001456435
324700,0.000741,0.00144936
324800,0.000724,0.00144224
324900,0.000715,0.001435105
325000,0.000725,0.001428065
325100,0.000704,0.001420955
325200,0.0007,0.00141387
325300,0.000686,0.001406745
325400,0.000689,0.001399655
325500,0.00068,0.00139258
325600,0.000665,0.001385435
325700,0.000661,0.00137833
325800,0.000658,0.00137124
325900,0.000644,0.001364115
326000,0.000639,0.001357
326100,0.000638,0.00134991
326200,0.000621,0.001342785
326300,0.000619,0.00133568
326400,0.000608,0.001328555
326500,0.000612,0.00132148
326600,0.000597,0.00131435
326700,0.000586,0.001307225
326800,0.000587,0.001300135
326900,0.000573,0.00129297
327000,0.000569,0.00128585
327100,0.000578,0.0012788
327200,0.000551,0.001271645
327300,0.000548,0.001264535
327400,0.000537,0.001257405
327500,0.000538,0.00125031
327600,0.000523,0.001243135
327700,0.000519,0.00123603
327800,0.000508,0.001228895
327900,0.00051,0.001221805
328000,0.000495,0.001214685
328100,0.000491,0.001207555
328200,0.000481,0.001200425
328300,0.000483,0.001193345
328400,0.000466,0.001186265
328500,0.000463,0.00117915
328600,0.000452,0.001172015
328700,0.000453,0.00116492
328800,0.000438,0.0011578
328900,0.000435,0.00115069
329000,0.000424,0.001143565
329100,0.000418,0.00113643
329200,0.000413,0.00112936
329300,0.000403,0.00112223
329400,0.000405,0.00111514
329500,0.000389,0.00110799
329600,0.000386,0.001099685
329700,0.000375,0.0010925
329800,0.000367,0.00108537
329900,0.000368,0.00107826
330000,0.000354,0.001071115
330100,0.000347,0.00106398
330200,0.000343,0.00105687
330300,0.000332,0.001049725
330400,0.000326,0.001042585
330500,0.000325,0.00103547
330600,0.000312,0.00102835
330700,0.000305,0.001021225
330800,0.0003,0.001014095
330900,0.00029,0.001006955
331000,0.000283,0.00099983
331100,0.000285,0.00099272
331200,0.000269,0.000985575
331300,0.000261,0.00097842
331400,0.000254,0.000971285
331500,0.000251,0.000964155
331600,0.000241,0.000957015
331700,0.000234,0.000949885
331800,0.000226,0.000942565
331900,0.000229,0.000935465
332000,0.000212,0.00092834
332100,0.000206,0.0009212
332200,0.000199,0.000914055
332300,0.000191,0.00090691
332400,0.000187,0.000899775
332500,0.000177,0.00089265
332600,0.00017,0.000885515
332700,0.000163,0.000878365
332800,0.000155,0.000871225
332900,0.000149,0.000864085
333000,0.000158,0.00085704
333100,0.000141,0.00084993
333200,0.000128,0.00084278
333300,0.000122,0.00083566
333400,0.000113,0.000828515
333500,0.000106,0.000821385
333600,9.90E-05,0.000814235
333700,9.10E-05,0.00080708
333800,8.50E-05,0.000799935
333900,8.90E-05,0.00079286
334000,7.00E-05,0.00078571
334100,6.30E-05,0.00077857
334200,5.70E-05,0.00077143
334300,5.00E-05,0.0007643
334400,4.20E-05,0.000757155
334500,3.50E-05,0.00075002
334600,2.80E-05,0.00074287
334700,2.10E-05,0.000735735
334800,1.40E-05,0.000728585
334900,7.00E-06,0.000721455
